"area","tanggal_kejadian","tahun","bulan","quarter","idkejadian","kodebpsprop","provinsi","kodebpskab","kabupaten","kodebpskec1","kecamatan1","kodebpskec2","kecamatan2","desa1","desa2","desa3","actor_s1_tp","actor_s1_tp_o","actor_s1_tot","actor_s2_tp","actor_s2_tp_o","actor_s2_tot","int1","int2","int1_res","int2_res","int1_o","int2_o","int1_res_o","int2_res_o","kil_total","kil_f","inj_total","inj_f","kidnap_tot","kid_f","sex_as_tot","sex_f","build_dmg_total","bdg_des","oth_impact","weapon_1","weapon_2","weapon_oth","jenis_kek","isu_indv","tp_kek1_new","tp_kek1_o","ben_kek1","ben_kek1_o","ben_kek2","ben_kek2_o","meta_tp_kek1_new","insd_desc","create","last_update","full_coverage","s1","s2","s3","s4","s5","s6","s7","s8","weapon","wpnfarm","wpnfarmman","wpnfarmhmde","wpnexpl","wpnshrp","wpnblunt","wpnfire","intervention","intvnrsecforfrml","intvnrtni","intvnrpol","intvnrbrimob","intvnrcvln","intvntnressucces","intvntnviolup","actcountrelormas","actcountparpol","actcountseprtst","actcountgov","actcountstudents","secvssec","onewayformconf","twowayformconf","death1","death3","death5","death10","largeinc","evperiod","pevperiod","preevperiod","ev2period","pev2period"
"KALIMANTAN BARAT","01/01/1997",1997,1,1,"61X001",61,"KALIMANTAN BARAT",6102,"BENGKAYANG",6102030,"SAMALANTAN",0,"TIDAK ADA",,,,4,,0,4,,0,4,0,7,0,,,,,20,0,10,0,0,0,0,0,675,675,"-",7,4,,1,0,4403,,5,,0,,88884,"Terjadi bentrokan massal antara warga Madura dengan massa Dayak di wilayah Kecamatan Samalantan Kabupaten Bengkayang, pada tanggal 1 Januari 1997. Akibatnya 20 orang tewas dan sedikitnya 675 rumah hangus terbakar.Peristiwa ini terjadi ketika se","10/03/2011","10/03/2011",1,,,,,,,,,1,1,0,1,0,1,0,0,1,1,1,0,0,0,1,0,0,0,0,0,0,0,1,0,1,1,1,1,1,1,0,1,0,0
"KALIMANTAN BARAT","01/01/1997",1997,1,1,"61X002",61,"KALIMANTAN BARAT",6102,"BENGKAYANG",6102040,"BENGKAYANG",0,"TIDAK ADA",,,,4,,0,4,,0,6,4,7,7,,,,,7,0,11,0,0,0,0,0,10,10,"-",7,4,,1,0,4403,,5,,0,,88884,"Terjadi bentrokan massal antara warga Madura dengan massa Dayak di wilayah Kecamatan Bengkayang Kabupaten Bengkayang, 1 Januari 1997. Akibatnya 7 orang tewas, belasan luka-luka, dan sedikitnya 10 rumah terbakar.Peristiwa ini terjadi ketika seke","10/03/2011","10/03/2011",1,,,,,,,,,1,1,0,1,0,1,0,0,1,1,1,0,1,0,1,0,0,0,0,0,0,0,1,0,1,1,1,0,1,1,0,1,0,0
"KALIMANTAN BARAT","03/01/1997",1997,1,1,"61X003",61,"KALIMANTAN BARAT",6102,"BENGKAYANG",6102061,"TUJUHBELAS",0,"TIDAK ADA","PANGMILANG",,,4,,0,4,,0,6,4,7,7,,,,,5,0,11,0,0,0,0,0,35,35,"-",7,4,,1,0,4403,,6,,0,,88884,"Terjadi bentrokan massal antara warga Madura dengan massa Dayak di Desa Pangmilan, Kecamatan Tujuh Belas, Kabupaten Bengkayang, 3 Januari 1997. Akibatnya sekitar 5 orang tewas dan 35 rumah milik orang Madura terbakar.Peristiwa ini terjadi ketik","10/03/2011","10/03/2011",1,,,,,,,,,1,1,0,1,0,1,0,0,1,1,1,0,1,0,1,0,0,0,0,0,0,0,0,1,1,1,1,0,1,1,0,0,0,0
"KALIMANTAN BARAT","28/01/1997",1997,1,1,"61X004",61,"KALIMANTAN BARAT",6104,"KAB PONTIANAK",6104120,"TOHO",0,"TIDAK ADA","sakek",,,4,,0,4,,0,0,0,0,0,,,,,1,0,0,0,0,0,0,0,2,2,"-",4,8,,1,0,4403,,5,,0,,88884,"A Dayak crowd had come to the village and set fire to houses and a small mosque (surau).  One man, Pak Jeng, had gone out to confront the mob, armed with a knife. He was shot dead, and others, who were wounded, were brought to the Sudarso Hospi","10/03/2011","10/03/2011",1,,,,,,,,,1,0,0,0,0,1,0,1,0,0,0,0,0,0,0,0,0,0,0,0,0,0,1,0,1,0,0,0,0,1,0,0,0,0
"KALIMANTAN BARAT","01/02/1997",1997,2,1,"61X005",61,"KALIMANTAN BARAT",6105,"SANGGAU",6105060,"KAPUAS",0,"TIDAK ADA","tanjung sekayam",,,4,,0,4,,0,4,0,7,0,,,,,5,0,11,0,0,0,0,0,193,193,"-",7,4,,1,0,4403,,5,,0,,88884,"Massa Dayak menyerang warga Madura di Desa Tanjung Sekayam, Kabupaten Sanggau,  1 Pebruari 1997. Penyerangn terjadi sore hari tepatnya di Markas Kodim 1204 Sanggau, akibatnya 5 orang tewas dan belasan mengalami luka-luka.Sehari sebelumnya, ribu","10/03/2011","10/03/2011",1,,,,,,,,,1,1,0,1,0,1,0,0,1,1,1,0,0,0,1,0,0,0,0,0,0,0,1,0,1,1,1,0,1,1,0,0,0,0
"KALIMANTAN BARAT","01/02/1997",1997,2,1,"61X006",61,"KALIMANTAN BARAT",6172,"SINGKAWANG",0,"TIDAK ADA",0,"TIDAK ADA",,,,4,,0,4,,1,0,0,0,0,,,,,1,0,0,0,0,0,0,0,0,0,"-",4,0,,1,0,4403,,11,,0,,88884,"On February 1, the same day the attack took place in Salatiga, a Dayak man from Samalantan named Siripin was killed by a Madurese in the Beringin market in Singkawang.","10/03/2011","10/03/2011",1,,,,,,,,,1,0,0,0,0,1,0,0,0,0,0,0,0,0,0,0,0,0,0,0,0,0,1,0,1,0,0,0,0,1,0,0,0,0
"KALIMANTAN BARAT","01/02/1997",1997,2,1,"61X007",61,"KALIMANTAN BARAT",6102,"BENGKAYANG",6102030,"SAMALANTAN",0,"TIDAK ADA",,,,4,,0,4,,0,0,0,0,0,,,,,0,0,0,0,0,0,0,0,10,4,"-",8,0,,1,0,4403,,10,,0,,88884,"On the night of February 1, between about 9:00 and 11:00 p.m. gangs of Madurese attacked the homes of several well-known Dayaks, mostly civil servants, in the city of Singkawang and Roban. The attacks, a Dayak source said, were led by a Madures","10/03/2011","10/03/2011",1,,,,,,,,,1,0,0,0,0,0,0,1,0,0,0,0,0,0,0,0,0,0,0,0,0,0,1,0,0,0,0,0,0,1,0,0,0,0
"KALIMANTAN BARAT","01/02/1997",1997,2,1,"61X008",61,"KALIMANTAN BARAT",6103,"LANDAK",6103050,"MANDOR",0,"TIDAK ADA","salatiga","Simpang kasturi","Kehorok",4,,0,4,,0,4,0,7,0,,,,,250,0,200,0,0,0,0,0,579,579,"-",6,4,,1,0,4403,,5,,0,,88884,"Terjadi kerusuhan massal yang melibatkan etnis Dayak dan Madura di Desa Salatiga dan beberapa desa lain di Kecamatan Mandor Kabupaten Landak, 1 Pebruari 1997. Akibatnya sekitar 250 orang tewas, ratusan orang mengalami luka-luka dan sekitar 579","10/03/2011","10/03/2011",1,,,,,,,,,1,0,0,0,1,1,0,0,1,1,1,0,0,0,1,0,0,0,0,0,0,0,1,0,1,1,1,1,1,1,0,0,0,0
"KALIMANTAN BARAT","01/02/1997",1997,2,1,"61X009",61,"KALIMANTAN BARAT",6103,"LANDAK",6103040,"SENGAH TEMILA",0,"TIDAK ADA","pahauman","sepatah air","sempuk",4,,0,4,,0,0,0,0,0,,,,,150,0,50,0,0,0,0,0,180,180,"-",4,1,,1,0,4403,,5,,0,,88884,"Terjadi kerusuhan massal antara etnis Madura dan Dayak di Desa Pahauman dan beberapa desa lainnya di Kecamatan Sengah, Temila Kabupaten Landak, 1 Pebruari 1997. Akibatnya sekitar 155 orang tewas, beberapa menglami luka-luka dan sekitar 180 ruma","10/03/2011","10/03/2011",1,,,,,,,,,1,0,0,0,0,1,0,0,0,0,0,0,0,0,0,0,0,0,0,0,0,0,1,0,1,1,1,1,1,1,0,0,0,0
"KALIMANTAN BARAT","30/01/1997",1997,1,1,"61X010",61,"KALIMANTAN BARAT",6104,"KAB PONTIANAK",6104090,"SUNGAI PINYUH",0,"TIDAK ADA","peniraman",,,4,,0,4,,0,0,0,0,0,,,,,5,0,0,0,0,0,0,0,0,0,"-",4,0,,1,0,4403,,12,,0,,88884,"ABOUT 25MILES NORTH OF PONTIANAK, IN PENIRAMAN, MADURES ERECTED ROADBLOCK AND OVER 2 DAYS KILLED 5 DAYAKS PULLED FROM PASSING VEHICLES","10/03/2011","10/03/2011",1,,,,,,,,,1,0,0,0,0,1,0,0,0,0,0,0,0,0,0,0,0,0,0,0,0,0,1,0,1,1,1,0,1,1,0,0,0,0
"KALIMANTAN BARAT","01/02/1997",1997,2,1,"61X011",61,"KALIMANTAN BARAT",6103,"LANDAK",6103030,"NGABANG",0,"TIDAK ADA","hilir tengah",,,4,,0,4,,0,0,0,0,0,,,,,49,0,11,0,0,0,0,0,33,33,"-",7,4,,1,0,4403,,5,,0,,88884,"Terjadi pembantaian terhadap warga Madura oleh massa Dayak di Km 2, Kelurahan Hilir Tengah, Kecamatan Ngabang, Kabupaten Landak, 1 Pebruari 1997. Akibatnya sekitar 49 orang Madura tewas dan 33 buah rumah milik orang Madura hangus terbakar.Insid","10/03/2011","10/03/2011",1,,,,,,,,,1,1,0,1,0,1,0,0,0,0,0,0,0,0,0,0,0,0,0,0,0,0,1,0,1,1,1,1,1,1,0,0,0,0
"KALIMANTAN BARAT","01/02/1997",1997,2,1,"61X012",61,"KALIMANTAN BARAT",6105,"SANGGAU",6105170,"TAYAN HULU",0,"TIDAK ADA","sosok",,,4,,0,4,,0,0,0,0,0,,,,,51,0,11,0,0,0,0,0,20,20,"-",7,4,,1,0,4403,,5,,0,,88884,"Terjadi aksi pembantaian terhadap warga Madura oleh massa Dayak di Desa Sosok, Kecamatan Tayan Hulu, Kabupaten Sanggau, 1 Pebruari 1997. Akibatnya sekitar 51 orang tewas, belasan luka-luka, dan puluhan rumah serta toko milik warga Madura hangus","10/03/2011","10/03/2011",1,,,,,,,,,1,1,0,1,0,1,0,0,0,0,0,0,0,0,0,0,0,0,0,0,0,0,1,0,1,1,1,1,1,1,0,0,0,0
"KALIMANTAN BARAT","02/02/1997",1997,2,1,"61X013",61,"KALIMANTAN BARAT",6107,"SINTANG",6107170,"KELAM PERMAI",0,"TIDAK ADA","BUKIT PERMAI",,,4,,0,4,,0,4,0,7,0,,,,,11,0,18,0,0,0,0,0,0,0,"-",7,4,,1,0,4403,,6,,0,,88884,"On February 2, Rusman, the ex-policeman, went around to different kampungs, gathering youths to mount an attack on the Madurese living in Munggu' Pancung in Roban.  In addition, a ""red bowl"" also had been passed from village to village, apparen","10/03/2011","10/03/2011",1,,,,,,,,,1,1,0,1,0,1,0,0,1,1,1,0,0,0,1,0,0,0,0,0,0,0,0,1,1,1,1,1,1,1,0,0,0,0
"KALIMANTAN BARAT","02/02/1997",1997,2,1,"61X014",61,"KALIMANTAN BARAT",6105,"SANGGAU",6105210,"SEKAYAM",0,"TIDAK ADA","balai karangan",,,4,,0,4,,0,0,0,0,0,,,,,12,0,0,0,0,0,0,0,0,0,"-",7,4,,1,0,4403,,5,,0,,88884,"Yet another group of Dayak attackers came to the village of Balai Karangan, near the border with Malaysia, on Sunday, February 2, at about 4:00 p.m. The attackers, according to an eyewitness we  interviewed, came from six subdistricts including","10/03/2011","10/03/2011",1,,,,,,,,,1,1,0,1,0,1,0,0,0,0,0,0,0,0,0,0,0,0,0,0,0,0,1,0,1,1,1,1,1,1,0,0,0,0
"KALIMANTAN BARAT","03/02/1997",1997,2,1,"61X015",61,"KALIMANTAN BARAT",6105,"SANGGAU",6105210,"SEKAYAM",0,"TIDAK ADA","KENAMAN",,,4,,0,4,,0,4,0,7,0,,,,,8,0,26,0,0,0,0,0,193,193,"-",7,4,,1,0,4403,,5,,0,,88884,"Terjadi aksi pengusiran terhadap warga Madura oleh sekelompok massa Dayak di Desa Kanam, Kecamatan Sekayan, Kabupaten Sanggau, 3 Pebruari 1997. Akibatnya 3 orang Madura tewas dan sekitar 193 rumah milik orang Madura hangus terbakar.Insiden ters","10/03/2011","10/03/2011",1,,,,,,,,,1,1,0,1,0,1,0,0,1,1,1,0,0,0,1,0,0,0,0,0,0,0,1,0,1,1,1,0,1,1,0,0,0,0
"KALIMANTAN BARAT","05/02/1997",1997,2,1,"61X017",61,"KALIMANTAN BARAT",6104,"KAB PONTIANAK",6104090,"SUNGAI PINYUH",0,"TIDAK ADA","ANJUNGAN MELANCAR",,,4,,0,4,,0,4,0,7,0,,,,,17,0,21,0,0,0,0,0,0,0,"-",7,4,,1,0,4403,,6,,0,,88884,"UNSFIR: Terjadi bentrokan antara massa Dayak dengan aparat (TNI AD dan Brimob) di Markas Batalyon Zeni Tempur TNI AD, Desa Anjungan, Kecamatan Sungai Pinyuh, Kabupaten Pontianak, 5 Pebruari 1997. Akibatnya sekitar 400-an orang Dayak tewas dan p","10/03/2011","10/03/2011",1,,,,,,,,,1,1,0,1,0,1,0,0,1,1,1,0,0,0,1,0,0,0,0,0,0,0,0,1,1,1,1,1,1,1,0,0,0,0
"KALIMANTAN BARAT","11/02/1997",1997,2,1,"61X018",61,"KALIMANTAN BARAT",6112,"KUBU RAYA",6112080,"SUNGAI AMBAWANG",0,"TIDAK ADA","kuala mandor b",,,4,,0,4,,0,0,0,0,0,,,,,3,0,5,0,0,0,0,0,8,8,"-",4,8,,1,0,4404,,6,,0,,88884,"Terjadi bentrokan massa antara warga Madura dengan warga Dayak di Dusun Tanjung Pasir, Desa Kuala Mandor B, Kecamatan Sungai Ambawang, Kabupaten Pontianak, 11 Pebruari 1997. Akibatnya 2 orang Madura dan 1 orang Dayak tewas, serta delapan rumah","10/03/2011","10/03/2011",1,,,,,,,,,1,0,0,0,0,1,0,1,0,0,0,0,0,0,0,0,0,0,0,0,0,0,0,1,1,1,0,0,1,1,0,0,0,0
"KALIMANTAN BARAT","18/02/1997",1997,2,1,"61X019",61,"KALIMANTAN BARAT",6104,"KAB PONTIANAK",6104120,"TOHO",0,"TIDAK ADA","suap",,,4,,0,4,,0,0,0,0,0,,,,,15,0,0,0,0,0,0,0,89,89,"-",4,8,,1,0,4403,,5,,0,,88884,"One  foreign  reporter  saw armed Dayaks on buses and  trucks at Karangan on February 17, heading  for a rendezvous at Toho to launch a mass attack on the Madurese village of Suap. They passed unhindered through an ineffectual military roadbloc","10/03/2011","10/03/2011",1,,,,,,,,,1,0,0,0,0,1,0,1,0,0,0,0,0,0,0,0,0,0,0,0,0,0,1,0,1,1,1,1,1,1,0,0,0,0
"KALIMANTAN BARAT","18/02/1997",1997,2,1,"61X020",61,"KALIMANTAN BARAT",6112,"KUBU RAYA",6112070,"SUNGAI RAYA",0,"TIDAK ADA","sungai duri","SUNGAI KERAN","rukmajaya",4,,0,4,,0,0,0,0,0,,,,,30,0,0,0,0,0,0,0,400,400,"-",4,8,,1,0,4403,,5,,0,,88884,"Massa Dayak menyerang pemukiman warga Madura di Desa Sungai Duri dan beberapa desa lain di Kecamatan Sungai Raya, Kabupaten Bengkayang, 18 -23 Pebruari 1997. Akibatnya sekitar 400 rumah milik warga Madura hangus terbakar dan sedikitnya 30 orang","10/03/2011","10/03/2011",1,,,,,,,,,1,0,0,0,0,1,0,1,0,0,0,0,0,0,0,0,0,0,0,0,0,0,1,0,1,1,1,1,1,1,0,0,0,0
"KALIMANTAN BARAT","20/02/1997",1997,2,1,"61X021",61,"KALIMANTAN BARAT",6102,"BENGKAYANG",6102061,"TUJUHBELAS",0,"TIDAK ADA","PANGMILANG","sagatani",,4,,1000,4,,0,0,0,0,0,,,,,2,0,0,0,0,0,0,0,24,24,"-",4,8,,1,0,4403,,5,,0,,88884,"Terjadi aksi penyerangan terhadap warga Madura oleh massa Dayak di Desa Pangmilang, Kecamatan Tujuh Belas, Kabupaten Bengkayang, 20 - 21 Pebruari 1997. Akibatnya 24 rumah milih orang Madura hangus terbakar dan sedikitnya 2 orang Madura diperkir","10/03/2011","10/03/2011",1,,,,,,,,,1,0,0,0,0,1,0,1,0,0,0,0,0,0,0,0,0,0,0,0,0,0,1,0,1,0,0,0,1,1,0,0,0,0
"KALIMANTAN BARAT","28/02/1997",1997,2,1,"61X022",61,"KALIMANTAN BARAT",6101,"SAMBAS",6101050,"JAWAI",0,"TIDAK ADA","sarang burung",,,4,,0,4,,0,4,0,7,0,,,,,7,0,0,0,0,0,0,0,38,38,"-",7,4,,1,0,4403,,6,,0,,88884,"Terjadi bentrokan antara warga Madura dengan massa Dayak di Desa Sarang Burung, Kecamatan Jawai, Kabupaten Sambas, 28 Pebruari 1997. Akibatnya 7 orang tewas dan sedikitnya 38 rumah terbakar.Peristiwa itu terjadi ketika sekelompok massa Dayak ya","10/03/2011","10/03/2011",1,,,,,,,,,1,1,0,1,0,1,0,0,1,1,1,0,0,0,1,0,0,0,0,0,0,0,0,1,1,1,1,0,1,1,0,0,0,0
"KALIMANTAN BARAT","03/03/1997",1997,3,1,"61X023",61,"KALIMANTAN BARAT",6101,"SAMBAS",6101050,"JAWAI",0,"TIDAK ADA","sungai nyirih",,,1,,0,1,,0,0,0,0,0,,,,,0,0,0,0,0,0,0,0,0,0,"perahu motor dibakar",8,0,,1,0,1106,,10,,0,,88881,"Terjadi pembakaran kapal motor oleh nelayan tradisional  di pesisir pantai Desa Sungai Nyirih, Kecamatan Jawai, Kabupaten Sambas, 3 Maret 1997. Insiden bermula ketika warga melihat beroperasinya sejumlah kapal motor pengguna jaring lemparan das","10/03/2011","10/03/2011",1,,,,,,,,,1,0,0,0,0,0,0,1,0,0,0,0,0,0,0,0,0,0,0,0,0,0,1,0,0,0,0,0,0,0,1,0,0,0
"KALIMANTAN BARAT","07/01/1997",1997,1,1,"61Z001",61,"KALIMANTAN BARAT",6171,"KOTA PONTIANAK",6171010,"PONTIANAK SELATAN",0,"TIDAK ADA",,,,4,,0,1,,1,0,0,9,0,,,,,0,0,1,0,0,0,0,0,0,0,"-",3,0,,1,0,5506,,8,,0,,88885,"Seorang pemuda yang tertangkap basah mencuri 2 burung beo dikeroyok oleh warga. Untungnya pada saat itu ada polisi di sekitar lokasi sehingga dia dibawa ke kantor polisi","03/03/2011","03/03/2011",1,,,,,,,,,1,0,0,0,0,0,1,0,0,0,0,0,0,0,1,0,0,0,0,0,0,0,1,0,0,0,0,0,0,1,0,0,0,0
"KALIMANTAN BARAT","12/01/1997",1997,1,1,"61Z002",61,"KALIMANTAN BARAT",6171,"KOTA PONTIANAK",6171030,"PONTIANAK BARAT",0,"TIDAK ADA",,,,1,,1,4,,1,0,0,0,0,,,,,0,0,0,0,0,0,0,0,0,0,"uang 300.000 dirampas",4,0,,2,0,7703,,14,,0,,88887,"seorang perempuan yang sedang berjalan tiba-tiba dihentikan oleh seorang laki-laki, kemudian dia ditodong dengan pisau dan uang serta perhiasannya dirampas","03/03/2011","03/03/2011",1,,,,,,,,,1,0,0,0,0,1,0,0,0,0,0,0,0,0,0,0,0,0,0,0,0,0,1,0,0,0,0,0,0,1,0,0,0,0
"KALIMANTAN BARAT","12/01/1997",1997,1,1,"61Z003",61,"KALIMANTAN BARAT",6112,"KUBU RAYA",6112070,"SUNGAI RAYA",0,"TIDAK ADA",,,,1,,5,18,,1,0,0,0,0,,,,,0,0,0,0,0,0,1,1,0,0,"-",0,0,,2,0,7703,,11,,0,,88887,"seorang siswi SMA menjadi korban pemerkosaan 5 orang pria. Awalnya dia dan seorang temannya diajak jalan-jalan keliling kota. Akan tetapi justru diperkosa oleh pria yang tidak dikenalnya","03/03/2011","03/03/2011",1,,,,,,,,,0,0,0,0,0,0,0,0,0,0,0,0,0,0,0,0,0,0,0,0,1,0,1,0,0,0,0,0,0,1,0,0,0,0
"KALIMANTAN BARAT","17/01/1997",1997,1,1,"61Z004",61,"KALIMANTAN BARAT",6104,"KAB PONTIANAK",6104080,"SIANTAN",0,"TIDAK ADA",,,,1,,1,1,,1,5,2,8,8,,"waga",,,0,0,1,0,0,0,0,0,0,0,"-",3,0,,2,0,7703,,14,,0,,88887,"seorang pencuri yang kepergok pemilik rumah tiba-tiba memukul pemilik rumah dengan tangan dan kemudian dengan sendok nasi yang terbuat dari kayu hingga kepalanya berlumuran darah. Untungya korban sempat berteriak hingga polisi dan warga berhasi","03/03/2011","03/03/2011",1,,,,,,,,,1,0,0,0,0,0,1,0,1,1,0,1,0,0,1,0,0,0,0,0,0,0,1,0,0,0,0,0,0,1,0,0,0,0
"KALIMANTAN BARAT","20/01/1997",1997,1,1,"61Z005",61,"KALIMANTAN BARAT",6171,"KOTA PONTIANAK",6171030,"PONTIANAK BARAT",0,"TIDAK ADA",,,,1,,1,1,,1,0,0,0,0,,,,,0,0,1,0,0,0,0,0,0,0,"-",4,0,,2,1,7703,,11,,0,,88887,"soerang pria terluka parah di lengannya karena dibacok oleh temannya setelah mereka terlibat cekcok saat pesta miras","03/03/2011","03/03/2011",1,,,,,,,,,1,0,0,0,0,1,0,0,0,0,0,0,0,0,0,0,0,0,0,0,0,0,1,0,0,0,0,0,0,1,0,0,0,0
"KALIMANTAN BARAT","26/01/1997",1997,1,1,"61Z006",61,"KALIMANTAN BARAT",6112,"KUBU RAYA",6112080,"SUNGAI AMBAWANG",0,"TIDAK ADA",,,,1,,8,1,,1,2,0,7,0,"warga",,,,2,0,0,0,0,0,0,0,0,0,"uang 400.000 dan emas 15 gram digasak perampok2",4,0,,2,0,7703,,14,,0,,88887,"8 orang perampok menyatroni rumah A Liem. Seorang warga yang mencoba menahan pelariant ersebut tewas setelah terlibat perkelahian dengan perampok. Warga lain yang mengetahui keributan tersebut mengeluarkan tembakan dengan senapan untuk berburu","03/03/2011","03/03/2011",1,,,,,,,,,1,0,0,0,0,1,0,0,1,0,0,0,0,0,1,0,0,0,0,0,0,0,1,0,1,0,0,0,0,1,0,0,0,0
"KALIMANTAN BARAT","27/01/1997",1997,1,1,"61Z007",61,"KALIMANTAN BARAT",6171,"KOTA PONTIANAK",6171010,"PONTIANAK SELATAN",0,"TIDAK ADA",,,,1,,0,9,,1,0,0,9,0,,,,,0,0,1,0,0,0,0,0,0,0,"1 mobil dibakar",8,0,,1,0,5504,,8,,10,,88885,"Seorang supir dikeroyok massa dan mobil yang dikendarainya dibakar setelah ia mabrak seorang ibu muda. Polisi yang berada disekitar lokasi bisa mengamankan korban","03/03/2011","03/03/2011",1,,,,,,,,,1,0,0,0,0,0,0,1,0,0,0,0,0,0,1,0,0,0,0,0,0,0,1,0,0,0,0,0,0,1,0,0,0,0
"KALIMANTAN BARAT","29/01/1997",1997,1,1,"61Z008",61,"KALIMANTAN BARAT",6104,"KAB PONTIANAK",6104080,"SIANTAN",0,"TIDAK ADA",,,,1,,0,11,,0,0,0,0,0,,,,,0,0,2,2,0,0,0,0,1,0,"-",1,0,,1,0,4403,,11,,10,,88884,"Bangunan yayasan Asisi rusak dan 2 orang pengurusnya cidera karena dirusak dan dianiaya oleh pihak yang tidak diketahui identitasnya","03/03/2011","03/03/2011",1,,,,,,,,,1,0,0,0,0,0,0,0,0,0,0,0,0,0,0,0,1,0,0,0,0,0,1,0,0,0,0,0,0,1,0,0,0,0
"KALIMANTAN BARAT","31/01/1997",1997,1,1,"61Z009",61,"KALIMANTAN BARAT",6171,"KOTA PONTIANAK",6171030,"PONTIANAK BARAT",0,"TIDAK ADA","sunga jawi",,,9,,100,5,,0,5,0,7,0,,,,,0,0,0,0,0,0,0,0,2,0,"-",3,0,,1,0,1106,,3,,0,,88881,"Supir angkot yang tidak terima atas munculnya trayek baru yang tumpang tindih dengan trayek mereka melakukan demo. Dalam demo tersebut rumah kadis DLLAJR dan kantor PD pasar rusak karena dilempari dengan batu.","03/03/2011","03/03/2011",1,,,,,,,,,1,0,0,0,0,0,1,0,1,1,0,1,0,0,1,0,0,0,0,1,0,0,0,0,0,0,0,0,0,1,0,0,0,0
"KALIMANTAN BARAT","13/02/1997",1997,2,1,"61Z010",61,"KALIMANTAN BARAT",6171,"KOTA PONTIANAK",6171010,"PONTIANAK SELATAN",0,"TIDAK ADA",,,,1,,0,1,,0,5,0,9,0,,,,,0,0,1,0,0,0,0,0,0,0,"-",0,0,,1,0,5506,,8,,0,,88885,"seorang penjambret dihajar massa setelah tertangkap. Polisi yang datang langsung membawa korban ke mapolresta pontianak","03/03/2011","03/03/2011",1,,,,,,,,,0,0,0,0,0,0,0,0,1,1,0,1,0,0,1,0,0,0,0,0,0,0,1,0,0,0,0,0,0,1,0,0,0,0
"KALIMANTAN BARAT","13/02/1997",1997,2,1,"61Z011",61,"KALIMANTAN BARAT",6171,"KOTA PONTIANAK",6171010,"PONTIANAK SELATAN",0,"TIDAK ADA",,,,9,,0,1,,2,5,0,9,0,,,,,0,0,2,0,0,0,0,0,0,0,"-",0,0,,1,0,5506,,8,,0,,88885,"dua orang pencopet dihajar pedagang dan warga setelah tertangkap basah mencopet dompet seorang ibu. Polisi yang datang segera membawa kedua korban dan mengamankannya di Polresta pontianak","03/03/2011","03/03/2011",1,,,,,,,,,0,0,0,0,0,0,0,0,1,1,0,1,0,0,1,0,0,0,0,0,0,0,1,0,0,0,0,0,0,1,0,0,0,0
"KALIMANTAN BARAT","18/02/1997",1997,2,1,"61Z012",61,"KALIMANTAN BARAT",6104,"KAB PONTIANAK",6104110,"SUNGAI KUNYIT",0,"TIDAK ADA",,,,1,,0,1,,0,4,0,8,0,,,,,17,0,11,0,0,0,0,0,11,0,"-",7,4,,1,0,4403,,5,,0,,88884,"kerusuhan terjadi di kecamatan sungai kunyit. Tidak ada informasi mengenai siap yang terlibat dalam kerusuhan, dampak yang timbul, ataupun isu-isu yang dipersoalkan. Menurut UNSFIR insiden tersebut mengakibatkan 17 tewas, 11 cidera, dan 11 bang","03/03/2011","03/03/2011",1,,,,,,,,,1,1,0,1,0,1,0,0,1,1,1,0,0,0,1,0,0,0,0,0,0,0,1,0,1,1,1,1,1,1,0,0,0,0
"KALIMANTAN BARAT","26/02/1997",1997,2,1,"61Z013",61,"KALIMANTAN BARAT",6171,"KOTA PONTIANAK",6171030,"PONTIANAK BARAT",0,"TIDAK ADA",,,,1,,8,1,,1,0,0,0,0,,,,,1,0,0,0,0,0,0,0,0,0,"-",4,0,,1,1,5503,,8,,0,,88885,"udin tewas karena ditusuk dengan senjata tajam saat terjadi pengeroyokan di sebuah warung nasi. Ada dugaan insiden ini adalah balas dendam karena sebelumnya udin pernah memukul salah satu pelaku","03/03/2011","03/03/2011",1,,,,,,,,,1,0,0,0,0,1,0,0,0,0,0,0,0,0,0,0,0,0,0,0,0,0,1,0,1,0,0,0,0,1,0,0,0,0
"KALIMANTAN BARAT","01/03/1997",1997,3,1,"61Z014",61,"KALIMANTAN BARAT",6112,"KUBU RAYA",6112050,"SUNGAI KAKAP",0,"TIDAK ADA","punggur kecil",,,1,,1,1,,1,0,0,0,0,,,,,0,0,0,0,0,0,0,0,0,0,"-",4,0,,2,0,7703,,11,,0,,88887,"Seorang pria menebaskan parangnya ke arah pria yang lain, untungnya tebasan tersebut dapat dihindari. Tidak jelas pokok persoalan dalam insiden ini","03/03/2011","03/03/2011",1,,,,,,,,,1,0,0,0,0,1,0,0,0,0,0,0,0,0,0,0,0,0,0,0,0,0,1,0,0,0,0,0,0,0,1,0,0,0
"KALIMANTAN BARAT","02/03/1997",1997,3,1,"61Z015",61,"KALIMANTAN BARAT",6171,"KOTA PONTIANAK",6171010,"PONTIANAK SELATAN",0,"TIDAK ADA",,,,1,,1,1,,0,2,0,8,0,"warga",,,,0,0,0,0,0,0,0,0,1,0,"-",8,0,,2,1,7703,,10,,0,,88887,"Seorang pria yang sering terlibat pertengakaran dengan keluarga dan tetangganya, membakar rumah tetangganya. Warga berhasil memadamkan api dan pelaku dibawa ke mapolresta pontianak.","03/03/2011","03/03/2011",1,,,,,,,,,1,0,0,0,0,0,0,1,1,0,0,0,0,0,1,0,0,0,0,0,0,0,1,0,0,0,0,0,0,0,1,0,0,0
"KALIMANTAN BARAT","04/03/1997",1997,3,1,"61Z016",61,"KALIMANTAN BARAT",6171,"KOTA PONTIANAK",6171010,"PONTIANAK SELATAN",0,"TIDAK ADA",,,,1,,4,18,,1,0,0,0,0,,,,,0,0,1,0,0,0,0,0,0,0,"-",0,0,,2,0,7703,,11,,0,,88887,"Seorang pelajar babak belur dianiaya 4 preman. Sebelumnya preman tersebut memaksa dibelikan minuman keras, setelah itu mereka merampas uang milik pelajar tersebut. Pelajar itu dianiaya karena meminata uangnya dikembalikan.","03/03/2011","03/03/2011",1,,,,,,,,,0,0,0,0,0,0,0,0,0,0,0,0,0,0,0,0,0,0,0,0,1,0,1,0,0,0,0,0,0,0,1,0,0,0
"KALIMANTAN BARAT","10/03/1997",1997,3,1,"61Z017",61,"KALIMANTAN BARAT",6101,"SAMBAS",6101030,"TEBAS",0,"TIDAK ADA",,,,1,,1,1,,1,0,0,0,0,,,,,0,0,0,0,0,0,1,1,0,0,"-",0,0,,2,0,7703,,11,,0,,88887,"Seorang paman memperkosa keponakannya","03/03/2011","03/03/2011",1,,,,,,,,,0,0,0,0,0,0,0,0,0,0,0,0,0,0,0,0,0,0,0,0,0,0,1,0,0,0,0,0,0,0,1,0,0,0
"KALIMANTAN BARAT","11/03/1997",1997,3,1,"61Z018",61,"KALIMANTAN BARAT",6171,"KOTA PONTIANAK",6171030,"PONTIANAK BARAT",0,"TIDAK ADA",,,,15,,0,1,,2,0,0,0,0,,,,,0,0,1,0,0,0,0,0,0,0,"-",5,0,,4,0,6603,,11,,0,,88886,"Seorang dari 2 orang jambret akhirnya jatuh ditembus peluru aparat kemanan setelah sebelumnya berusaha melarikan diri","03/03/2011","03/03/2011",1,,,,,,,,,1,1,1,0,0,0,0,0,0,0,0,0,0,0,0,0,0,0,0,0,0,0,1,0,0,0,0,0,0,0,1,0,0,0
"KALIMANTAN BARAT","11/03/1997",1997,3,1,"61Z019",61,"KALIMANTAN BARAT",6104,"KAB PONTIANAK",0,"TIDAK ADA",0,"TIDAK ADA",,,,1,,3,18,,1,0,0,0,0,,,,,0,0,1,0,0,0,0,0,0,0,"-",0,0,,2,0,7703,,11,,0,,88887,"Seorang pelajar SMP pertanian dianiaya 3 orang pria","03/03/2011","03/03/2011",1,,,,,,,,,0,0,0,0,0,0,0,0,0,0,0,0,0,0,0,0,0,0,0,0,1,0,1,0,0,0,0,0,0,0,1,0,0,0
"KALIMANTAN BARAT","13/03/1997",1997,3,1,"61Z020",61,"KALIMANTAN BARAT",6171,"KOTA PONTIANAK",6171010,"PONTIANAK SELATAN",0,"TIDAK ADA",,,,15,,0,1,,1,0,0,0,0,,,,,1,0,0,0,0,0,0,0,0,0,"-",5,0,,4,0,6603,,11,,0,,88886,"Seorang residivis yang diduga terlibat dalam insiden pencurian, tewas setelah ditembak oleh aparat. Residivis tersebut tidak mengidahkan tembakan peringatan sehingga aparat menembaknya","03/03/2011","03/03/2011",1,,,,,,,,,1,1,1,0,0,0,0,0,0,0,0,0,0,0,0,0,0,0,0,0,0,0,1,0,1,0,0,0,0,0,1,0,0,0
"KALIMANTAN BARAT","16/03/1997",1997,3,1,"61Z021",61,"KALIMANTAN BARAT",6171,"KOTA PONTIANAK",6171020,"PONTIANAK TIMUR",0,"TIDAK ADA",,,,1,,1,1,,1,0,0,0,0,,,,,0,0,0,0,0,0,0,0,0,0,"uang rp 30.000 diambil pelaku",0,0,,2,0,7703,,11,,0,,88887,"Seorang tukang cuci nyaris diperkosa ketika ia hendak berangkat bekerja di pagi buta. Dia telah dibawa ke semak-semak. Untungnya hari mulai terang sehingga pelaku mengurungkan niatnya.","03/03/2011","03/03/2011",1,,,,,,,,,0,0,0,0,0,0,0,0,0,0,0,0,0,0,0,0,0,0,0,0,0,0,1,0,0,0,0,0,0,0,1,0,0,0
"KALIMANTAN BARAT","22/03/1997",1997,3,1,"61Z022",61,"KALIMANTAN BARAT",6109,"SEKADAU",6109020,"NANGA TAMAN",0,"TIDAK ADA","Sei Lawak",,,1,,1,1,,1,3,0,6,0,,,,,1,0,0,0,0,0,0,0,0,0,"-",7,0,,1,1,1103,,11,,0,,88881,"seorang keponakan menembak pamannya sendiri karena sengketa kepemilikan kebun karet. Saat itu sang paman membawa senajta tajam dan hendak membunuh keponakannya. Merasa terancam, sang keponakan menembaknya dengan senjata rakitan","03/03/2011","03/03/2011",1,,,,,,,,,1,1,0,1,0,0,0,0,1,0,0,0,0,1,0,0,0,0,0,0,0,0,1,0,1,0,0,0,0,0,1,0,0,0
"KALIMANTAN BARAT","22/03/1997",1997,3,1,"61Z023",61,"KALIMANTAN BARAT",6171,"KOTA PONTIANAK",6171030,"PONTIANAK BARAT",0,"TIDAK ADA",,,,1,,1,1,,1,0,0,0,0,,,,,0,0,0,0,0,0,1,1,0,0,"-",0,0,,2,0,7703,,11,,0,,88887,"Seorang gadis dibawah umur diperkosa oleh laki-laki yang sebelumnya memberikan pil nipan. Perkosaan tersebut terjadi ketika si gadis tidak sadarkan diri karena berada di bawah pengaruh pil nipam","03/03/2011","03/03/2011",1,,,,,,,,,0,0,0,0,0,0,0,0,0,0,0,0,0,0,0,0,0,0,0,0,0,0,1,0,0,0,0,0,0,0,1,0,0,0
"KALIMANTAN BARAT","28/03/1997",1997,3,1,"61Z024",61,"KALIMANTAN BARAT",6104,"KAB PONTIANAK",6104080,"SIANTAN",0,"TIDAK ADA","siantan hulu",,,1,,1,1,,1,0,0,0,0,,,,,1,0,0,0,0,0,0,0,0,0,"-",4,0,,2,1,7703,,7,,0,,88887,"SUM menusuk MAZT setelah ia dipukul MAT, Inisden ini berawal dari teguran SUM karena MAT membawa WTS ke rumah pamannnya. Tak terima ditegur, MAT memukul SUM, hingga akhirnya SUM menusuk MAT","03/03/2011","03/03/2011",1,,,,,,,,,1,0,0,0,0,1,0,0,0,0,0,0,0,0,0,0,0,0,0,0,0,0,0,1,1,0,0,0,0,0,1,0,0,0
"KALIMANTAN BARAT","06/04/1997",1997,4,2,"61Z025",61,"KALIMANTAN BARAT",6112,"KUBU RAYA",6112080,"SUNGAI AMBAWANG",0,"TIDAK ADA","sungai duri",,,1,,1,1,,1,0,0,0,0,,,,,1,0,0,0,0,0,0,0,1,0,"-",4,2,"botol",2,1,7703,,11,,0,,88887,"KBC marah kepada sepupunya karena dia dilarang pergi sebelum ayahnya dimakamkan. Merasa tersinggung KBC memukul kepala sepupunya dengan botol, kemudian dia mengambil parang dan membacok serta memenggal kepala sepupunya tersebut. KBC kemudian me","03/03/2011","03/03/2011",1,,,,,,,,,1,0,0,0,0,1,0,0,0,0,0,0,0,0,0,0,0,0,0,0,0,0,1,0,1,0,0,0,0,0,1,0,0,0
"KALIMANTAN BARAT","07/04/1997",1997,4,2,"61Z026",61,"KALIMANTAN BARAT",6104,"KAB PONTIANAK",6104080,"SIANTAN",0,"TIDAK ADA",,,,1,,2,1,,1,0,0,0,0,,,,,1,0,0,0,0,0,0,0,0,0,"-",4,0,,2,1,7703,,11,,0,,88887,"Mulyadi tewas setelah dibacok 2 orang suruhan. Dua orang tersebut adalah teman Suryadin, yang sebelumnya dipukuli Mulyadi dan rekan-rekannya.","03/03/2011","03/03/2011",1,,,,,,,,,1,0,0,0,0,1,0,0,0,0,0,0,0,0,0,0,0,0,0,0,0,0,1,0,1,0,0,0,0,0,1,0,0,0
"KALIMANTAN BARAT","08/04/1997",1997,4,2,"61Z027",61,"KALIMANTAN BARAT",6104,"KAB PONTIANAK",6104080,"SIANTAN",0,"TIDAK ADA",,,,1,,3,15,,1,0,0,0,0,,,,,0,0,1,0,0,0,0,0,0,0,"-",0,0,,2,1,7703,,11,,0,,88887,"Suryadin dipukuli oleh Mulyadi dan teman-temannya. Pemukulan tersebut terjadi karena Mulyadi dan teman-temannya tersinggung atas teguran Suryadin terhadap Mulyadi dan kawan-kawan yang menggoda teman-teman wanita Suryadin","03/03/2011","03/03/2011",1,,,,,,,,,0,0,0,0,0,0,0,0,0,0,0,0,0,0,0,0,0,0,0,0,0,0,1,0,0,0,0,0,0,0,1,0,0,0
"KALIMANTAN BARAT","09/04/1997",1997,4,2,"61Z028",61,"KALIMANTAN BARAT",6171,"KOTA PONTIANAK",6171030,"PONTIANAK BARAT",0,"TIDAK ADA",,,,1,,1,18,,1,0,0,0,0,,,,,0,0,0,0,0,0,0,0,0,0,"-",0,0,,2,0,7703,,11,,0,,88887,"Seorang anak perempuan berumur 8 tahun disekap dan ditampar oleh laki-laki 17 tahun. Dia disuruh mengambil uang dari keluarganya dan harus diserahkan kepada laki-laki tersebut. Akhirnya pelaku dapat ditangkap ketika hendak menerima uang dari an","03/03/2011","03/03/2011",1,,,,,,,,,0,0,0,0,0,0,0,0,0,0,0,0,0,0,0,0,0,0,0,0,1,0,1,0,0,0,0,0,0,0,1,0,0,0
"KALIMANTAN BARAT","13/04/1997",1997,4,2,"61Z029",61,"KALIMANTAN BARAT",6107,"SINTANG",6107140,"SINTANG",0,"TIDAK ADA",,,,1,,1,1,,1,0,0,0,0,,,,,1,1,0,0,0,0,0,0,0,0,"-",2,0,"celana dalam",3,0,8803,,11,,0,,88888,"Seorang wanita membunuh bayi perempuannya yang baru dilahirkan dengan cara mengikat leher bayi tersebut dengan celana dalam. Wanita itu malu karena hamil diluar nikah sehingga ia nekat membunuh bayinya","03/03/2011","03/03/2011",1,,,,,,,,,1,0,0,0,0,0,0,0,0,0,0,0,0,0,0,0,0,0,0,0,0,0,1,0,1,0,0,0,0,0,1,0,0,0
"KALIMANTAN BARAT","20/04/1997",1997,4,2,"61Z030",61,"KALIMANTAN BARAT",6112,"KUBU RAYA",6112080,"SUNGAI AMBAWANG",0,"TIDAK ADA","SUNGAI ENAU",,,1,,1,1,,1,0,0,0,0,,,,,1,0,0,0,0,0,0,0,0,0,"-",4,0,,2,1,7703,,7,,0,,88887,"Dua orang pria berkelahi hingga salah satunya tewas. Perkelahiant ersebut terjadi karena salah seorang di antara mereka tersinggung dan diancam oleh yang lain","03/03/2011","03/03/2011",1,,,,,,,,,1,0,0,0,0,1,0,0,0,0,0,0,0,0,0,0,0,0,0,0,0,0,0,1,1,0,0,0,0,0,1,0,0,0
"KALIMANTAN BARAT","22/04/1997",1997,4,2,"61Z031",61,"KALIMANTAN BARAT",6171,"KOTA PONTIANAK",6171030,"PONTIANAK BARAT",0,"TIDAK ADA",,,,1,,1,9,,1,0,0,0,0,,,,,0,0,1,1,0,0,0,0,0,0,"emas 38 gram, uang 305.00 diambil perampok",4,0,,2,0,7703,,14,,0,,88887,"seorang ibu menjadi korban perampokan, dia harus dirawat dirumah sakit karena menderita luka cukup parah","03/03/2011","03/03/2011",1,,,,,,,,,1,0,0,0,0,1,0,0,0,0,0,0,0,0,0,0,0,0,0,0,0,0,1,0,0,0,0,0,0,0,1,0,0,0
"KALIMANTAN BARAT","24/04/1997",1997,4,2,"61Z032",61,"KALIMANTAN BARAT",6112,"KUBU RAYA",6112080,"SUNGAI AMBAWANG",0,"TIDAK ADA","SUNGAI ENAU",,,1,,1,1,,1,0,0,0,0,,,,,1,1,0,0,0,0,0,0,0,0,"-",4,0,,2,1,7703,,11,,0,,88887,"Seorang perempuan tewas setelah ditebas oleh pacarnya, sebelumnya mereka terlibat pertengkaran yang tidak jelas. Pelaku mengaku tersinggung atas ucapan perempuan tersebut.","03/03/2011","03/03/2011",1,,,,,,,,,1,0,0,0,0,1,0,0,0,0,0,0,0,0,0,0,0,0,0,0,0,0,1,0,1,0,0,0,0,0,1,0,0,0
"KALIMANTAN BARAT","27/04/1997",1997,4,2,"61Z033",61,"KALIMANTAN BARAT",6171,"KOTA PONTIANAK",6171030,"PONTIANAK BARAT",0,"TIDAK ADA",,,,1,,0,1,,3,0,0,0,0,,,,,0,0,3,0,0,0,0,0,0,0,"-",5,0,,1,0,5506,,8,,11,,88885,"3 orang pencopet akhirnya tertangkap oleh massa dan polisi. 2 orang diantaranya babak belur dihajar massa,s edangkan 1 orang yang lain ditembak aparat karena mencoba melarikan diri","03/03/2011","03/03/2011",1,,,,,,,,,1,1,1,0,0,0,0,0,0,0,0,0,0,0,0,0,0,0,0,0,0,0,1,0,0,0,0,0,0,0,1,0,0,0
"KALIMANTAN BARAT","30/04/1997",1997,4,2,"61Z034",61,"KALIMANTAN BARAT",6171,"KOTA PONTIANAK",6171010,"PONTIANAK SELATAN",0,"TIDAK ADA",,,,1,,1,1,,2,0,0,0,0,,,,,0,0,1,0,0,0,0,0,0,0,"-",2,0,"botol",2,1,7703,,7,,0,,88887,"Yanto dan temannya terlibat perkelahian dengan seorang laki-laki di dalam bar karena laki-laki tersebut mengambil minuman dan rokok yanto. Yanto berusaha menyakan mengapa laki-laki tersebut mengambil barang-barangnya, tetapi laki-laki itu marah","03/03/2011","03/03/2011",1,,,,,,,,,1,0,0,0,0,0,0,0,0,0,0,0,0,0,0,0,0,0,0,0,0,0,0,1,0,0,0,0,0,0,1,0,0,0
"KALIMANTAN BARAT","01/05/1997",1997,5,2,"61Z035",61,"KALIMANTAN BARAT",6171,"KOTA PONTIANAK",6171010,"PONTIANAK SELATAN",0,"TIDAK ADA",,,,1,,3,1,,1,0,0,0,0,,,,,0,0,0,0,0,0,1,1,0,0,"-",0,0,,2,0,7703,,11,,0,,88887,"seorang wanita bisu diperkosa oleh 3 orang pria","04/03/2011","04/03/2011",1,,,,,,,,,0,0,0,0,0,0,0,0,0,0,0,0,0,0,0,0,0,0,0,0,0,0,1,0,0,0,0,0,0,0,1,0,0,0
"KALIMANTAN BARAT","09/05/1997",1997,5,2,"61Z036",61,"KALIMANTAN BARAT",6171,"KOTA PONTIANAK",6171010,"PONTIANAK SELATAN",0,"TIDAK ADA",,,,1,,0,1,,2,2,0,9,0,"satpam",,,,0,0,1,0,0,0,0,0,0,0,"-",0,0,,1,0,5506,,8,,0,,88885,"2 orang jambret terjatuh dari motornya, salah seorang diantara mereka berhasil kabur akan tetapi seorang yang lain babak belur dihajar massa, satpam sebuah hotel berhasil mengamankan korban dan akhirnya dibawa ke kantor polisi","04/03/2011","04/03/2011",1,,,,,,,,,0,0,0,0,0,0,0,0,1,0,0,0,0,0,1,0,0,0,0,0,0,0,1,0,0,0,0,0,0,0,1,0,0,0
"KALIMANTAN BARAT","14/05/1997",1997,5,2,"61Z037",61,"KALIMANTAN BARAT",6172,"SINGKAWANG",6172040,"SINGKAWANG BARAT",0,"TIDAK ADA","kuala",,,9,,40,5,,0,5,0,7,0,,,,,0,0,0,0,0,0,0,0,1,0,"-",0,0,,1,0,1104,,3,,0,,88881,"Nelayan yang merasa marah karena beroperasinya kapal tarik melakukan demo di pos Kamla. Merasa bahwa penjelasan kepala pos tersebut tidak memuaskan maka nelayan merusak pos tersebut. Polisi yang datang bisa meredakan aksi tersebut.","04/03/2011","04/03/2011",1,,,,,,,,,0,0,0,0,0,0,0,0,1,1,0,1,0,0,1,0,0,0,0,1,0,0,0,0,0,0,0,0,0,0,1,0,0,0
"KALIMANTAN BARAT","14/05/1997",1997,5,2,"61Z038",61,"KALIMANTAN BARAT",6112,"KUBU RAYA",6112070,"SUNGAI RAYA",0,"TIDAK ADA",,,,1,,2,9,,1,0,0,0,0,,,,,0,0,1,0,0,0,0,0,0,0,"-",4,0,,2,1,7703,,11,,0,,88887,"Pur merasa tersinggung karena ditegur oleh San agar tidak membuat keributan karena hari sudah malam, keesokannya pur membacok San yang sedang naik sepeda","04/03/2011","04/03/2011",1,,,,,,,,,1,0,0,0,0,1,0,0,0,0,0,0,0,0,0,0,0,0,0,0,0,0,1,0,0,0,0,0,0,0,1,0,0,0
"KALIMANTAN BARAT","15/05/1997",1997,5,2,"61Z039",61,"KALIMANTAN BARAT",6105,"SANGGAU",6105070,"MUKOK",0,"TIDAK ADA","Tri Mulya",,,1,,3,1,,0,0,0,0,0,,,,,0,0,0,0,0,0,0,0,0,0,"1 mobil rusak",3,0,,2,0,7703,,10,,0,,88887,"Kon CS yang sedang mabuk tiba-tiba menghadang jalan mobil pick up dan merusaknya. Tidak ada informasi mengapa hal tersebut mereka lakukan","04/03/2011","04/03/2011",1,,,,,,,,,1,0,0,0,0,0,1,0,0,0,0,0,0,0,0,0,0,0,0,0,0,0,1,0,0,0,0,0,0,0,1,0,0,0
"KALIMANTAN BARAT","16/05/1997",1997,5,2,"61Z040",61,"KALIMANTAN BARAT",6171,"KOTA PONTIANAK",6171040,"PONTIANAK UTARA",0,"TIDAK ADA",,,,1,,1,9,,1,0,0,0,0,,,,,0,0,1,0,0,0,0,0,0,0,"-",4,0,,1,1,1108,,11,,0,,88881,"Seorang manajer terluka setelah sibacok oleh bekas karyawannya. Insiden pembacokan tersebut terjadi karena masalah pesangon yang kurang","04/03/2011","04/03/2011",1,,,,,,,,,1,0,0,0,0,1,0,0,0,0,0,0,0,0,0,0,0,0,0,0,0,0,1,0,0,0,0,0,0,0,1,0,0,0
"KALIMANTAN BARAT","18/05/1997",1997,5,2,"61Z041",61,"KALIMANTAN BARAT",6171,"KOTA PONTIANAK",6171030,"PONTIANAK BARAT",0,"TIDAK ADA",,,,1,,0,1,,2,5,0,9,0,,,,,0,0,1,0,0,0,0,0,0,0,"-",0,0,,1,0,5506,,8,,0,,88885,"2 jambret berhasil dikepung massa, salah seorang diantaranya tidak berhasil meloloskan diri sehingga dihajar oleh massa. Polisi yang berada di sekitar lokasi berhasil mengamankan korban","04/03/2011","04/03/2011",1,,,,,,,,,0,0,0,0,0,0,0,0,1,1,0,1,0,0,1,0,0,0,0,0,0,0,1,0,0,0,0,0,0,0,1,0,0,0
"KALIMANTAN BARAT","19/05/1997",1997,5,2,"61Z042",61,"KALIMANTAN BARAT",6171,"KOTA PONTIANAK",6171030,"PONTIANAK BARAT",0,"TIDAK ADA",,,,1,,2,1,,1,0,0,0,0,,,,,0,0,0,0,0,0,1,1,0,0,"-",0,0,,2,0,7703,,11,,0,,88887,"Seorang remaja perempuan menajdi korban perkosaan 2 pria","04/03/2011","04/03/2011",1,,,,,,,,,0,0,0,0,0,0,0,0,0,0,0,0,0,0,0,0,0,0,0,0,0,0,1,0,0,0,0,0,0,0,1,0,0,0
"KALIMANTAN BARAT","22/05/1997",1997,5,2,"61Z043",61,"KALIMANTAN BARAT",6171,"KOTA PONTIANAK",6171030,"PONTIANAK BARAT",0,"TIDAK ADA",,,,1,,0,1,,3,5,0,9,0,,,,,0,0,2,0,0,0,0,0,0,0,"-",0,0,,1,0,5506,,8,,0,,88885,"3 orang jambret dihakimi massa hingga 2 orang diantaranya luka-luka. Polisi yang datang ke tempat kejadian berhasil menghentikan insiden tersebut dan mengamankan korban","04/03/2011","04/03/2011",1,,,,,,,,,0,0,0,0,0,0,0,0,1,1,0,1,0,0,1,0,0,0,0,0,0,0,1,0,0,0,0,0,0,0,1,0,0,0
"KALIMANTAN BARAT","23/05/1997",1997,5,2,"61Z044",61,"KALIMANTAN BARAT",6112,"KUBU RAYA",6112070,"SUNGAI RAYA",0,"TIDAK ADA",,,,1,,1,18,,1,0,0,0,0,,,,,0,0,1,1,0,0,0,0,0,0,"uang rp 20.000 dibawa pelaku",4,0,,2,0,7703,,14,,0,,88887,"Aminah dirampok saat dia hendak pergi kuliah. Tangannya terluka karena ditebas pelaku","04/03/2011","04/03/2011",1,,,,,,,,,1,0,0,0,0,1,0,0,0,0,0,0,0,0,0,0,0,0,0,0,1,0,1,0,0,0,0,0,0,0,1,0,0,0
"KALIMANTAN BARAT","24/05/1997",1997,5,2,"61Z045",61,"KALIMANTAN BARAT",6171,"KOTA PONTIANAK",6171020,"PONTIANAK TIMUR",0,"TIDAK ADA",,,,1,,2,1,,1,0,0,0,0,,,,,0,0,1,1,0,0,0,0,0,0,"uang 300.000 dirampas pelaku",4,0,,2,0,7703,,14,,0,,88887,"gusti wanda dirampok oleh 2 orang laki-laki saat dia hendak berbelanja ke pasar. Hidung dan tangannya terluka karena dipukul dan ditikam oleh pelaku","04/03/2011","04/03/2011",1,,,,,,,,,1,0,0,0,0,1,0,0,0,0,0,0,0,0,0,0,0,0,0,0,0,0,1,0,0,0,0,0,0,0,1,0,0,0
"KALIMANTAN BARAT","25/05/1997",1997,5,2,"61Z046",61,"KALIMANTAN BARAT",6171,"KOTA PONTIANAK",6171030,"PONTIANAK BARAT",0,"TIDAK ADA",,,,1,,0,1,,2,0,0,0,0,,,,,0,0,1,0,0,0,0,0,0,0,"-",0,0,,1,0,5506,,8,,0,,88885,"dua orang jambret jatuh dari motor mereka, salah seorang diantaranya dihakimi massa karena tidak berhasil melarikan diri","04/03/2011","04/03/2011",1,,,,,,,,,0,0,0,0,0,0,0,0,0,0,0,0,0,0,0,0,0,0,0,0,0,0,1,0,0,0,0,0,0,0,1,0,0,0
"KALIMANTAN BARAT","26/05/1997",1997,5,2,"61Z047",61,"KALIMANTAN BARAT",6172,"SINGKAWANG",0,"TIDAK ADA",0,"TIDAK ADA",,,,1,,1,9,,1,0,0,0,0,,,,,1,1,0,0,0,0,0,0,0,0,"-",4,0,,3,0,8803,,11,,0,,88888,"Seorang wanita pemilik penginapan tewas di kamarnya. Diduga pelaku pembunuhan adalah anak angkatnya","04/03/2011","04/03/2011",1,,,,,,,,,1,0,0,0,0,1,0,0,0,0,0,0,0,0,0,0,0,0,0,0,0,0,1,0,1,0,0,0,0,0,1,0,0,0
"KALIMANTAN BARAT","27/05/1997",1997,5,2,"61Z048",61,"KALIMANTAN BARAT",6171,"KOTA PONTIANAK",6171010,"PONTIANAK SELATAN",0,"TIDAK ADA",,,,1,,3,1,,3,2,0,8,0,"satpam",,,,0,0,1,0,0,0,0,0,0,0,"-",4,0,,2,1,7703,,7,,0,,88887,"Dua kelompok pemuda terlibat perkelahian hingga 1 orang terluka terkena tusukan senjata tajam. Perkelahian tersebut terjadi karena kelompok korban sebelumnya mengejek kelompok pemuda lawan mereka","04/03/2011","04/03/2011",1,,,,,,,,,1,0,0,0,0,1,0,0,1,0,0,0,0,0,1,0,0,0,0,0,0,0,0,1,0,0,0,0,0,0,1,0,0,0
"KALIMANTAN BARAT","28/05/1997",1997,5,2,"61Z049",61,"KALIMANTAN BARAT",6171,"KOTA PONTIANAK",6171030,"PONTIANAK BARAT",0,"TIDAK ADA",,,,1,,2,1,,1,0,0,0,0,,,,,0,0,1,1,0,0,0,0,0,0,"uang 600.000 dirampas pelaku",0,0,,2,0,7703,,14,,0,,88887,"seorang perempuan yang baru selesai mengambil uang di bank dan hendak pergi ke rusamh saudarnya, dijambret oleh 2 orang laki-laki. Perempuan tersebu terluka karena terjatuh saat tarik menraik tas dengan pelaku.","04/03/2011","04/03/2011",1,,,,,,,,,0,0,0,0,0,0,0,0,0,0,0,0,0,0,0,0,0,0,0,0,0,0,1,0,0,0,0,0,0,0,1,0,0,0
"KALIMANTAN BARAT","02/06/1997",1997,6,2,"61Z050",61,"KALIMANTAN BARAT",6171,"KOTA PONTIANAK",6171030,"PONTIANAK BARAT",0,"TIDAK ADA",,,,1,,0,1,,2,5,0,9,0,,,,,0,0,2,0,0,0,0,0,0,0,"-",0,0,,1,0,5506,,8,,0,,88885,"2 orang jambret babak belur dihajar massa. Polisi kemudian berhasil menghentikan kejadian tersebut dan mengamankan korban","04/03/2011","04/03/2011",1,,,,,,,,,0,0,0,0,0,0,0,0,1,1,0,1,0,0,1,0,0,0,0,0,0,0,1,0,0,0,0,0,0,0,1,0,0,0
"KALIMANTAN BARAT","07/06/1997",1997,6,2,"61Z051",61,"KALIMANTAN BARAT",6171,"KOTA PONTIANAK",6171030,"PONTIANAK BARAT",0,"TIDAK ADA",,,,1,,1,9,,1,0,0,0,0,,,,,0,0,1,0,0,0,0,0,0,0,"-",4,0,,2,1,7703,,11,,0,,88887,"Bambang terkapar setelah ditusuk oleh JV. Inisiden ini terjadi karena 2 hari sebelumnya JV pernah minta uang rp 1000 tetapi hanya diberi Rp 200 oelh bambang. JV merasa tersinggung dan melakukan penusukan tersebut","04/03/2011","04/03/2011",1,,,,,,,,,1,0,0,0,0,1,0,0,0,0,0,0,0,0,0,0,0,0,0,0,0,0,1,0,0,0,0,0,0,0,1,0,0,0
"KALIMANTAN BARAT","12/06/1997",1997,6,2,"61Z052",61,"KALIMANTAN BARAT",6105,"SANGGAU",0,"TIDAK ADA",0,"TIDAK ADA",,,,1,,1,1,,1,0,0,0,0,,,,,0,0,0,0,0,0,0,0,0,0,"-",0,0,,2,0,7703,,11,,0,,88887,"Yus ditangkap setelah melakukan penganiayaan terhadap Wimpi. Yus memang dikeal selalu mabuk dan meresahkan masyarakat","04/03/2011","04/03/2011",1,,,,,,,,,0,0,0,0,0,0,0,0,0,0,0,0,0,0,0,0,0,0,0,0,0,0,1,0,0,0,0,0,0,0,1,0,0,0
"KALIMANTAN BARAT","12/06/1997",1997,6,2,"61Z053",61,"KALIMANTAN BARAT",6171,"KOTA PONTIANAK",6171020,"PONTIANAK TIMUR",0,"TIDAK ADA",,,,1,,3,18,,2,0,0,0,0,,,,,0,0,0,0,0,0,1,1,0,0,"-",0,0,,2,0,7703,,11,,0,,88887,"Pendi dimintai tolong untuk memasangkan kabel lampu oleh 3 orang laki-laki ketika ia sedang bersama intan. Ketika pendi sedang membetulkan kabel tersebut, 3 pria itu menyeret intan ke rumah kosong dan memperkosanya","04/03/2011","04/03/2011",1,,,,,,,,,0,0,0,0,0,0,0,0,0,0,0,0,0,0,0,0,0,0,0,0,1,0,1,0,0,0,0,0,0,0,1,0,0,0
"KALIMANTAN BARAT","12/06/1997",1997,6,2,"61Z054",61,"KALIMANTAN BARAT",6171,"KOTA PONTIANAK",6171030,"PONTIANAK BARAT",0,"TIDAK ADA",,,,1,,0,9,,3,0,0,0,0,,,,,0,0,3,0,0,0,0,0,0,0,"-",4,0,,2,1,7703,,7,,0,,88887,"Hasibuan dan 2 rekannya sendag bertugas di pos jaga nusa indah plaza. Mereka terluka setelah terlibat perkelahian dengan pemuda yang merasa tersinggung saat ditegur karena mengganggu orang yang hendak berbelanja","04/03/2011","04/03/2011",1,,,,,,,,,1,0,0,0,0,1,0,0,0,0,0,0,0,0,0,0,0,0,0,0,0,0,0,1,0,0,0,0,0,0,1,0,0,0
"KALIMANTAN BARAT","20/06/1997",1997,6,2,"61Z055",61,"KALIMANTAN BARAT",6112,"KUBU RAYA",6112070,"SUNGAI RAYA",0,"TIDAK ADA",,,,1,,2,9,,1,0,0,0,0,,,,,0,0,0,0,0,0,0,0,0,0,"-",4,0,,2,0,7703,,14,,0,,88887,"Dua orang pelaku perampokan berhasil dibekuk polisi. Mereka merampok toko emas di kawasan parit baru.","04/03/2011","04/03/2011",1,,,,,,,,,1,0,0,0,0,1,0,0,0,0,0,0,0,0,0,0,0,0,0,0,0,0,1,0,0,0,0,0,0,0,1,0,0,0
"KALIMANTAN BARAT","20/06/1997",1997,6,2,"61Z056",61,"KALIMANTAN BARAT",6103,"LANDAK",6103080,"MENYUKE",0,"TIDAK ADA","DARIT",,,1,,1,1,,1,0,0,0,0,,,,,0,0,0,0,0,0,1,1,0,0,"-",0,0,,2,0,7703,,11,,0,,88887,"seorang gadis cilik diperkosa seorang laki-laki","04/03/2011","04/03/2011",1,,,,,,,,,0,0,0,0,0,0,0,0,0,0,0,0,0,0,0,0,0,0,0,0,0,0,1,0,0,0,0,0,0,0,1,0,0,0
"KALIMANTAN BARAT","23/06/1997",1997,6,2,"61Z057",61,"KALIMANTAN BARAT",6101,"SAMBAS",6101020,"PEMANGKAT",0,"TIDAK ADA","pemangkat kota",,,1,,4,1,,0,0,0,0,0,,,,,0,0,0,0,0,0,0,0,0,0,"TV, VCD Palyer, perhiasan dan sejumlah uang digasak pelaku",4,0,,2,0,7703,,14,,0,,88887,"4 orang perampok menyatroni rumah seorang warga. Pemilik rumah tidak berkutik karena diancam dengan senjata tajam. 2 dari perampok tersebut berhasil ditangkap polisi","04/03/2011","04/03/2011",1,,,,,,,,,1,0,0,0,0,1,0,0,0,0,0,0,0,0,0,0,0,0,0,0,0,0,1,0,0,0,0,0,0,0,1,0,0,0
"KALIMANTAN BARAT","27/06/1997",1997,6,2,"61Z058",61,"KALIMANTAN BARAT",6112,"KUBU RAYA",6112070,"SUNGAI RAYA",0,"TIDAK ADA",,,,1,,2,9,,1,0,0,0,0,,,,,0,0,0,0,0,0,0,0,0,0,"1 motor dan uang 20.00 hilang",4,0,,2,0,7703,,14,,0,,88887,"Seorang pria menjadi korban perampokan yang dilakukan oleh 2 orang","04/03/2011","04/03/2011",1,,,,,,,,,1,0,0,0,0,1,0,0,0,0,0,0,0,0,0,0,0,0,0,0,0,0,1,0,0,0,0,0,0,0,1,0,0,0
"KALIMANTAN BARAT","30/06/1997",1997,6,2,"61Z059",61,"KALIMANTAN BARAT",6101,"SAMBAS",6101020,"PEMANGKAT",0,"TIDAK ADA","jelutung",,,1,,1,1,,1,0,0,0,0,,,,,1,0,0,0,0,0,0,0,0,0,"-",4,0,,2,0,7703,,7,,0,,88887,"DJ kaget karena parluhutan datang dan memaki-makinya, kemudian memukulinya. DJ tidak terima akan hal itu dan melawan hingga terjadilah perkelahian. DJ mencabut badik dan menusuk parluhutan","04/03/2011","04/03/2011",1,,,,,,,,,1,0,0,0,0,1,0,0,0,0,0,0,0,0,0,0,0,0,0,0,0,0,0,1,1,0,0,0,0,0,1,0,0,0
"KALIMANTAN BARAT","04/07/1997",1997,7,3,"61Z060",61,"KALIMANTAN BARAT",6171,"KOTA PONTIANAK",6171010,"PONTIANAK SELATAN",0,"TIDAK ADA",,,,1,,0,1,,1,0,0,0,0,,,,,1,0,0,0,0,0,0,0,0,0,"-",3,0,,2,0,7703,,11,,0,,88887,"Seorang laki-laki tewas tidak wajar, bagian kepala dan badannya ditemukan bekas-bekas memar karena dipukul dengan benda tumpul","04/03/2011","04/03/2011",1,,,,,,,,,1,0,0,0,0,0,1,0,0,0,0,0,0,0,0,0,0,0,0,0,0,0,1,0,1,0,0,0,0,0,1,0,0,0
"KALIMANTAN BARAT","07/07/1997",1997,7,3,"61Z061",61,"KALIMANTAN BARAT",6106,"KETAPANG",6106070,"MATAN HILIR UTARA",0,"TIDAK ADA","sunagi awan",,,1,,1,1,,1,0,0,0,0,,,,,1,0,0,0,0,0,0,0,0,0,"-",0,0,,2,1,7703,,11,,0,,88887,"Dua sahabat terlibat cekcok karena salah satunya telah mengambil kelayang tanpa pemngetahuan yang lain. orang yang dituduh mengambil tersebut kemudian terjatuh karena didorong. Ia kemdian tewas. Ada dugaan bahwa ketika jatuh tersebut kepalanya","04/03/2011","04/03/2011",1,,,,,,,,,0,0,0,0,0,0,0,0,0,0,0,0,0,0,0,0,0,0,0,0,0,0,1,0,1,0,0,0,0,0,1,0,0,0
"KALIMANTAN BARAT","10/07/1997",1997,7,3,"61Z063",61,"KALIMANTAN BARAT",6104,"KAB PONTIANAK",6104080,"SIANTAN",0,"TIDAK ADA",,,,15,,0,1,,1,0,0,0,0,,,,,0,0,1,0,0,0,0,0,0,0,"-",5,0,,4,0,6603,,11,,0,,88886,"Seorang maling ditembak karena berusaha lari saat hendak ditangkap","04/03/2011","04/03/2011",1,,,,,,,,,1,1,1,0,0,0,0,0,0,0,0,0,0,0,0,0,0,0,0,0,0,0,1,0,0,0,0,0,0,0,1,0,0,0
"KALIMANTAN BARAT","11/07/1997",1997,7,3,"61Z064",61,"KALIMANTAN BARAT",6171,"KOTA PONTIANAK",6171030,"PONTIANAK BARAT",0,"TIDAK ADA",,,,1,,1,1,,1,0,0,0,0,,,,,1,0,0,0,0,0,0,0,0,0,"-",4,0,,2,0,7703,,11,,0,,88887,"Seorang laki-laki tewas setelah ditusuk oleh OTK. Laki-laki tersebut baru turun dari kapal. Ada dugaan bahwa korban telah diincar sejak berada di atas kapal","04/03/2011","04/03/2011",1,,,,,,,,,1,0,0,0,0,1,0,0,0,0,0,0,0,0,0,0,0,0,0,0,0,0,1,0,1,0,0,0,0,0,1,0,0,0
"KALIMANTAN BARAT","17/07/1997",1997,7,3,"61Z065",61,"KALIMANTAN BARAT",6109,"SEKADAU",6109060,"BELITANG",0,"TIDAK ADA","padak",,,1,,1,1,,0,0,0,0,0,,,,,0,0,3,0,0,0,0,0,0,0,"-",3,4,,2,1,7703,,11,,0,,88887,"Lah memukuli Tijan karena sebelumnya Tijan bersama dengan Markus dan kawan-kawannya yang lain selalu mengejek Lah. 2 orang diantara Warga yang berusaha menangkap Lah juga terluka karena dibacok oleh Lah setelah ia berhasil merebut parang salah","04/03/2011","04/03/2011",1,,,,,,,,,1,0,0,0,0,1,1,0,0,0,0,0,0,0,0,0,0,0,0,0,0,0,1,0,0,0,0,0,0,0,1,0,0,0
"KALIMANTAN BARAT","18/07/1997",1997,7,3,"61Z066",61,"KALIMANTAN BARAT",6171,"KOTA PONTIANAK",0,"TIDAK ADA",0,"TIDAK ADA",,,,9,,1,18,,1,0,0,0,0,,,,,0,0,0,0,0,0,1,1,0,0,"-",0,0,,2,0,7703,,11,,0,,88887,"seorang siswi digagahi oleh seorang sopir bis. Sang sopir mengaku hal tersebut dilakukan tanpa paksaan. Siswi tersebut harus dirawat dirumah sakit karena pendarahan","04/03/2011","04/03/2011",1,,,,,,,,,0,0,0,0,0,0,0,0,0,0,0,0,0,0,0,0,0,0,0,0,1,0,1,0,0,0,0,0,0,0,1,0,0,0
"KALIMANTAN BARAT","10/07/1997",1997,7,3,"61Z067",61,"KALIMANTAN BARAT",6171,"KOTA PONTIANAK",6171030,"PONTIANAK BARAT",0,"TIDAK ADA",,,,1,,0,1,,1,5,0,9,0,,,,,0,0,1,0,0,0,0,0,0,0,"-",0,0,,1,0,5506,,8,,0,,88885,"Seorang jambret babak belur dihajar massa, untungnya dia bisa diamankan oleh aparat","04/03/2011","04/03/2011",1,,,,,,,,,0,0,0,0,0,0,0,0,1,1,0,1,0,0,1,0,0,0,0,0,0,0,1,0,0,0,0,0,0,0,1,0,0,0
"KALIMANTAN BARAT","25/07/1997",1997,7,3,"61Z068",61,"KALIMANTAN BARAT",6104,"KAB PONTIANAK",6104100,"MEMPAWAH HILIR",0,"TIDAK ADA",,,,1,,4,9,,1,0,0,0,0,,,,,1,0,0,0,0,0,0,0,0,0,"-",3,0,,1,0,1107,,11,,0,,88881,"Seorang wartawan yang melakukan investigasi tentang illegal logging ditemukan tewas di dalam mobilnya. Diduga ia tewas karena investigasi yang dilakukannya tersebut","04/03/2011","04/03/2011",1,,,,,,,,,1,0,0,0,0,0,1,0,0,0,0,0,0,0,0,0,0,0,0,0,0,0,1,0,1,0,0,0,0,0,1,0,0,0
"KALIMANTAN BARAT","05/08/1997",1997,8,3,"61Z069",61,"KALIMANTAN BARAT",6107,"SINTANG",0,"TIDAK ADA",0,"TIDAK ADA",,,,1,,1,9,,1,0,0,0,0,,,,,0,0,0,0,0,0,0,0,0,0,"1 oplet rusak",0,0,,2,1,7703,,10,,0,,88887,"orang tua yang anaknya jatuh dari oplet merasa marah dan merusak oplet tersebut.","04/03/2011","04/03/2011",1,,,,,,,,,0,0,0,0,0,0,0,0,0,0,0,0,0,0,0,0,0,0,0,0,0,0,1,0,0,0,0,0,0,0,1,0,0,0
"KALIMANTAN BARAT","13/08/1997",1997,8,3,"61Z070",61,"KALIMANTAN BARAT",6112,"KUBU RAYA",6112070,"SUNGAI RAYA",0,"TIDAK ADA","arang limbung",,,1,,1,1,,1,2,0,7,0,"warga",,,,0,0,1,1,0,0,0,0,0,0,"-",4,0,,2,1,7703,,11,,0,,88887,"SAM menganiaya Masiah hingga jari telunjuknya putus. SAM merasa bahwa Masih sering menghasut warga agar membencinya","04/03/2011","04/03/2011",1,,,,,,,,,1,0,0,0,0,1,0,0,1,0,0,0,0,0,1,0,0,0,0,0,0,0,1,0,0,0,0,0,0,0,1,0,0,0
"KALIMANTAN BARAT","16/08/1997",1997,8,3,"61Z071",61,"KALIMANTAN BARAT",6171,"KOTA PONTIANAK",6171030,"PONTIANAK BARAT",0,"TIDAK ADA","sungai jawi",,,1,,3,1,,2,6,0,7,0,,,,,0,0,0,0,0,0,0,0,0,0,"kalung emas dirampas",0,0,,2,0,7703,,14,,0,,88887,"Sepasang anak muda tiba-tiba dicegat 3 pemuda di kegelapan malam. 3orang pemuda tersebut merampas kalung emas. Pada saat itu ada seorang anggota Brimob yang menolong kedua korban","07/03/2011","07/03/2011",1,,,,,,,,,0,0,0,0,0,0,0,0,1,1,0,0,1,0,1,0,0,0,0,0,0,0,1,0,0,0,0,0,0,0,1,0,0,0
"KALIMANTAN BARAT","14/08/1997",1997,8,3,"61Z072",61,"KALIMANTAN BARAT",6171,"KOTA PONTIANAK",6171030,"PONTIANAK BARAT",0,"TIDAK ADA",,,,1,,2,9,,1,0,0,0,0,,,,,0,0,1,0,0,0,0,0,0,0,"-",4,0,,2,1,7703,,7,,0,,88887,"Akibat saling pandang,3 orang pria terlibat perkelahian. Salah seorang kemudian mencabut pisau dan menusuk pipi kiri korban. Untungnya korban bisa melarikan diri","07/03/2011","07/03/2011",1,,,,,,,,,1,0,0,0,0,1,0,0,0,0,0,0,0,0,0,0,0,0,0,0,0,0,0,1,0,0,0,0,0,0,1,0,0,0
"KALIMANTAN BARAT","18/08/1997",1997,8,3,"61Z073",61,"KALIMANTAN BARAT",6171,"KOTA PONTIANAK",6171010,"PONTIANAK SELATAN",0,"TIDAK ADA","tanjung pura",,,1,,2,1,,1,2,0,7,0,"warga",,,,0,0,1,0,0,0,0,0,0,0,"-",4,0,,2,1,7703,,11,,0,,88887,"Tersinggung karena anaknya dituduh mencuri, orang tua IW datang ke rumah dan Natsir sehingga terjadi ceksok. Tiba-tiba IW datang dan langsung menusuk Natsir dengan senjata tajam","07/03/2011","07/03/2011",1,,,,,,,,,1,0,0,0,0,1,0,0,1,0,0,0,0,0,1,0,0,0,0,0,0,0,1,0,0,0,0,0,0,0,1,0,0,0
"KALIMANTAN BARAT","19/08/1997",1997,8,3,"61Z074",61,"KALIMANTAN BARAT",6108,"KAPUAS HULU",6108130,"JONGKONG",0,"TIDAK ADA","Batu datuk",,,1,,1,18,,1,0,0,0,0,,,,,0,0,0,0,0,0,1,1,0,0,"-",0,0,,2,0,7703,,11,,0,,88887,"Seorang siswi SMP diperkosa seorang laki-laki yang dikenalnya, setelah dia berhasil dibujuk untuk diantarkan ke sekolah","07/03/2011","07/03/2011",1,,,,,,,,,0,0,0,0,0,0,0,0,0,0,0,0,0,0,0,0,0,0,0,0,1,0,1,0,0,0,0,0,0,0,1,0,0,0
"KALIMANTAN BARAT","20/08/1997",1997,8,3,"61Z075",61,"KALIMANTAN BARAT",6171,"KOTA PONTIANAK",6171010,"PONTIANAK SELATAN",0,"TIDAK ADA",,,,1,,2,1,,1,0,0,0,0,,,,,0,0,1,1,0,0,0,0,0,0,"emas 80 gram digasak pelaku",4,0,,2,0,7703,,14,,0,,88887,"Mbah Sanem terluka setelah berusaha melawan 2 perampok yang masuk ke rumahnya. Kedua perampok tersebut berasal dari daerah Jawa Timur, dan logatnya sama dengan Mbah Sanem. Mbah Sanem mengenal kedua perampok tersebut di warung","07/03/2011","07/03/2011",1,,,,,,,,,1,0,0,0,0,1,0,0,0,0,0,0,0,0,0,0,0,0,0,0,0,0,1,0,0,0,0,0,0,0,1,0,0,0
"KALIMANTAN BARAT","20/08/1997",1997,8,3,"61Z076",61,"KALIMANTAN BARAT",6171,"KOTA PONTIANAK",6171030,"PONTIANAK BARAT",0,"TIDAK ADA",,,,9,,1,9,,1,0,0,0,0,,,,,1,0,0,0,0,0,0,0,0,0,"-",4,2,"helm",1,1,1106,,7,,0,,88881,"Muhammad memaksa MS agar tidak berjualan daging ayam di pasar Teratai Jeuruju karena berdekatan dengan lokasi Muhammad. Paksaan tersebut akhirnya berakhir dengan cekcok dan Muhammad memukul MS menggunakan helm tetapi MS tidak membalas. Muhammad","07/03/2011","07/03/2011",1,,,,,,,,,1,0,0,0,0,1,0,0,0,0,0,0,0,0,0,0,0,0,0,0,0,0,0,1,1,0,0,0,0,0,1,0,0,0
"KALIMANTAN BARAT","21/08/1997",1997,8,3,"61Z077",61,"KALIMANTAN BARAT",6103,"LANDAK",6103080,"MENYUKE",0,"TIDAK ADA",,,,1,,1,1,,1,2,0,8,0,"warga",,,,0,0,0,0,0,0,1,1,0,0,"-",0,0,,2,0,7703,,11,,0,,88887,"Seorang gadis cilik diperkosa oleh tetangganya. Warga yang mendengar jeritan minta tolong berhasil menangkap dan menyerahkannya ke polisi","07/03/2011","07/03/2011",1,,,,,,,,,0,0,0,0,0,0,0,0,1,0,0,0,0,0,1,0,0,0,0,0,0,0,1,0,0,0,0,0,0,0,1,0,0,0
"KALIMANTAN BARAT","25/08/1997",1997,8,3,"61Z078",61,"KALIMANTAN BARAT",6109,"SEKADAU",6109040,"SEKADAU HILIR",0,"TIDAK ADA","engkersik",,,1,,1,1,,0,0,0,0,0,,,,,0,0,2,2,0,0,0,0,0,0,"-",0,0,,2,1,7703,,11,,0,,88887,"Merasa dendam kepada orang tuanya, PAE membunuh Lilis. Saat itu, Hotimah yang tidak sengaja melihat perbuatan PAE tersebut juga menjadi korban pembunuhan","07/03/2011","07/03/2011",1,,,,,,,,,0,0,0,0,0,0,0,0,0,0,0,0,0,0,0,0,0,0,0,0,0,0,1,0,0,0,0,0,0,0,1,0,0,0
"KALIMANTAN BARAT","29/08/1997",1997,8,3,"61Z079",61,"KALIMANTAN BARAT",6171,"KOTA PONTIANAK",6171040,"PONTIANAK UTARA",0,"TIDAK ADA",,,,1,,2,1,,1,0,0,0,0,,,,,1,0,0,0,0,0,0,0,0,0,"-",4,0,,2,1,7703,,11,,0,,88887,"Acung tewas setelah ditusuk oleh 2 orang pemuda. Aawalnya Acung ingin melerai perkelahian 2 pemuda tersebut dengan orang lain karena masalah senggolan di jalan. Akan tetapi 2 pemuda itu tidak terima dan menyerang Acung","07/03/2011","07/03/2011",1,,,,,,,,,1,0,0,0,0,1,0,0,0,0,0,0,0,0,0,0,0,0,0,0,0,0,1,0,1,0,0,0,0,0,1,0,0,0
"KALIMANTAN BARAT","30/08/1997",1997,8,3,"61Z080",61,"KALIMANTAN BARAT",6107,"SINTANG",6107110,"SEPAUK",0,"TIDAK ADA","Nangga paring",,,1,,1,9,,1,0,0,0,0,,,,,0,0,1,0,0,0,0,0,0,0,"uang 165.000 digasak pelaku",2,0,"handuk",2,0,7703,,14,,0,,88887,"Surahaman, seorang tukang ojek, menjadi korban perampokan yang dilakukan oleh penumpangnya. Kepalanya dipukul dengan keras dan lehernya dijerat dengan handuk hingga ia terjatuh. Dalam kondisi tidak sadarkan diri, uangnya digasak pelaku.","07/03/2011","07/03/2011",1,,,,,,,,,1,0,0,0,0,0,0,0,0,0,0,0,0,0,0,0,0,0,0,0,0,0,1,0,0,0,0,0,0,0,1,0,0,0
"KALIMANTAN BARAT","31/08/1997",1997,8,3,"61Z081",61,"KALIMANTAN BARAT",6110,"MELAWI",6110060,"ELLA HILIR",0,"TIDAK ADA",,,,1,,1,1,,1,0,0,0,0,,,,,1,0,0,0,0,0,0,0,0,0,"-",4,0,,2,1,7703,,11,,0,,88887,"RK dituduh sebagai pencuri oleh Budiman. RK yang tersinggung dengan tuduhan itu mengambil pisau dan menikam budiman secara tiba-tiba hingga akhirnya ia tewas","07/03/2011","07/03/2011",1,,,,,,,,,1,0,0,0,0,1,0,0,0,0,0,0,0,0,0,0,0,0,0,0,0,0,1,0,1,0,0,0,0,0,1,0,0,0
"KALIMANTAN BARAT","03/09/1997",1997,9,3,"61Z082",61,"KALIMANTAN BARAT",6171,"KOTA PONTIANAK",6171010,"PONTIANAK SELATAN",0,"TIDAK ADA",,,,1,,0,9,,1,0,0,0,0,,,,,0,0,1,0,0,0,0,0,0,0,"-",1,0,,1,0,1,,8,,0,,88880,"Ja'far menderita luka-luka setelah dipukuli oleh beberapa orang yang tidak dikenalnya. Awalnya Ja'far sedang minum kopi, kemudian datang beberapa orang yang kemudian menyeretnya keluar. Mata Ja'far di tutup dan ia dipukuli hingga pingsan","07/03/2011","07/03/2011",1,,,,,,,,,1,0,0,0,0,0,0,0,0,0,0,0,0,0,0,0,0,0,0,0,0,0,1,0,0,0,0,0,0,0,1,0,0,0
"KALIMANTAN BARAT","05/09/1997",1997,9,3,"61Z083",61,"KALIMANTAN BARAT",6171,"KOTA PONTIANAK",6171030,"PONTIANAK BARAT",0,"TIDAK ADA",,,,1,,2,5,,1,0,0,0,0,,,,,0,0,1,1,0,0,0,0,0,0,"-",0,0,,2,0,7703,,14,,0,,88887,"Ny. Hadijah pingsan dan harus dirawat di rumah sakit setelah terjatuh dari motornya karena diserempet dan tasnya ditarik oleh 2 orang jambret","07/03/2011","07/03/2011",1,,,,,,,,,0,0,0,0,0,0,0,0,0,0,0,0,0,0,0,0,0,0,0,1,0,0,1,0,0,0,0,0,0,0,1,0,0,0
"KALIMANTAN BARAT","05/09/1997",1997,9,3,"61Z084",61,"KALIMANTAN BARAT",6101,"SAMBAS",6101070,"SEJANGKUNG",0,"TIDAK ADA","Sepandak",,,1,,1,9,,1,0,0,0,0,,,,,1,0,0,0,0,0,0,0,0,0,"-",4,0,,2,0,7703,,14,,0,,88887,"Seorang tukang ojek tewas setelah digorok oleh penumpangnya. Sepeda motornya pun raib dibawa pelaku","07/03/2011","07/03/2011",1,,,,,,,,,1,0,0,0,0,1,0,0,0,0,0,0,0,0,0,0,0,0,0,0,0,0,1,0,1,0,0,0,0,0,1,0,0,0
"KALIMANTAN BARAT","06/09/1997",1997,9,3,"61Z085",61,"KALIMANTAN BARAT",6101,"SAMBAS",6101060,"TELUK KERAMAT",0,"TIDAK ADA","simpang empat",,,9,,1,1,,1,0,0,0,0,,,,,0,0,0,0,0,0,1,1,0,0,"-",0,0,,2,0,7703,,11,,0,,88887,"Seorang gadis cilik diperkosa oleh seorang tukang ojek. Kasus ini dipetieskan padahal orang tua korban tidak pernah menerima pemberitahuan penghentian proses hukum tersebut","07/03/2011","07/03/2011",1,,,,,,,,,0,0,0,0,0,0,0,0,0,0,0,0,0,0,0,0,0,0,0,0,0,0,1,0,0,0,0,0,0,0,1,0,0,0
"KALIMANTAN BARAT","07/09/1997",1997,9,3,"61Z086",61,"KALIMANTAN BARAT",6106,"KETAPANG",6106072,"MUARA PAWAN",0,"TIDAK ADA","SuNGAI AWAN",,,15,,0,1,,1,0,0,0,0,,,,,0,0,1,0,0,0,0,0,0,0,"-",5,0,,4,0,6603,,11,,0,,88886,"Seorang buron terluka setelah ditembak oleh polisi. Ia  nekat melarikan diri dan mengabaikan tembakan peringatanketika hendak ditangkap","07/03/2011","07/03/2011",1,,,,,,,,,1,1,1,0,0,0,0,0,0,0,0,0,0,0,0,0,0,0,0,0,0,0,1,0,0,0,0,0,0,0,1,0,0,0
"KALIMANTAN BARAT","08/09/1997",1997,9,3,"61Z087",61,"KALIMANTAN BARAT",6171,"KOTA PONTIANAK",6171030,"PONTIANAK BARAT",0,"TIDAK ADA",,,,1,,2,1,,3,1,5,8,8,,,,,0,0,0,0,0,0,0,0,0,0,"-",0,0,,2,0,7703,,14,,0,,88887,"Rid dan AP ditangkap warga dan anggota polisi ketika hendak menjambret seorang diantara 3 wanita yang sedang berjalan. Wanita tersebut melawan hingga terjadi pergulatan. Warga yang mendengar jeritan 3 wanita itu mengepung pelaku dan polisi yang","07/03/2011","07/03/2011",1,,,,,,,,,0,0,0,0,0,0,0,0,1,1,0,1,0,0,1,0,0,0,0,0,0,0,1,0,0,0,0,0,0,0,1,0,0,0
"KALIMANTAN BARAT","10/09/1997",1997,9,3,"61Z088",61,"KALIMANTAN BARAT",6171,"KOTA PONTIANAK",6171020,"PONTIANAK TIMUR",0,"TIDAK ADA","tanjung hulu",,,1,,0,9,,1,0,0,0,0,,,,,1,0,0,0,0,0,0,0,0,0,"-",1,0,,2,0,7703,,11,,0,,88887,"Seorang pemuda ditemukan tewas di semak-semak dekat rumah warga. Ditubuh korban ditemukan bekas jeratan tali. Tidak ada informasi mengenai isu dalam insiden ini","07/03/2011","07/03/2011",1,,,,,,,,,1,0,0,0,0,0,0,0,0,0,0,0,0,0,0,0,0,0,0,0,0,0,1,0,1,0,0,0,0,0,1,0,0,0
"KALIMANTAN BARAT","14/09/1997",1997,9,3,"61Z089",61,"KALIMANTAN BARAT",6112,"KUBU RAYA",6112070,"SUNGAI RAYA",0,"TIDAK ADA",,,,1,,4,1,,2,0,0,0,0,,,,,0,0,1,0,0,0,0,0,0,0,"-",4,0,,2,1,7703,,7,,0,,88887,"Dua kelompok anak muda tiba-tiba terlibat perceksokan, kemudian terjadi perkelahian hingga salah satunya menderita luka di perut akibat kena tusukan senjata tajam","07/03/2011","07/03/2011",1,,,,,,,,,1,0,0,0,0,1,0,0,0,0,0,0,0,0,0,0,0,0,0,0,0,0,0,1,0,0,0,0,0,0,1,0,0,0
"KALIMANTAN BARAT","16/09/1997",1997,9,3,"61Z090",61,"KALIMANTAN BARAT",6171,"KOTA PONTIANAK",6171010,"PONTIANAK SELATAN",0,"TIDAK ADA",,,,1,,2,1,,1,0,0,0,0,,,,,0,0,0,0,0,0,1,1,0,0,"-",4,0,,2,0,7703,,11,,0,,88887,"Seorang perempuan menjadi korban perkosaan 2orang laki-laki dibawah ancaman senjata tajam","07/03/2011","07/03/2011",1,,,,,,,,,1,0,0,0,0,1,0,0,0,0,0,0,0,0,0,0,0,0,0,0,0,0,1,0,0,0,0,0,0,0,1,0,0,0
"KALIMANTAN BARAT","19/09/1997",1997,9,3,"61Z091",61,"KALIMANTAN BARAT",6101,"SAMBAS",6101060,"TELUK KERAMAT",0,"TIDAK ADA","simpang empat",,,1,,1,1,,1,0,0,0,0,,,,,0,0,1,0,0,0,0,0,0,0,"-",0,0,,2,1,7703,,11,,0,,88887,"Orang tua korban perkosaan memukuli pelaku perkoasaan karena dia tidak mengakui perbuatannya","07/03/2011","07/03/2011",1,,,,,,,,,0,0,0,0,0,0,0,0,0,0,0,0,0,0,0,0,0,0,0,0,0,0,1,0,0,0,0,0,0,0,1,0,0,0
"KALIMANTAN BARAT","19/09/1997",1997,9,3,"61Z092",61,"KALIMANTAN BARAT",6171,"KOTA PONTIANAK",6171030,"PONTIANAK BARAT",0,"TIDAK ADA",,,,1,,1,9,,1,0,0,0,0,,,,,0,0,7,0,0,0,0,0,0,0,"-",4,0,,2,1,7703,,11,,0,,88887,"Merasa kesal karena tidak diberi uang untuk membeli minuman beralkohol, Adi membacok Suwiman hingga luka parah","07/03/2011","07/03/2011",1,,,,,,,,,1,0,0,0,0,1,0,0,0,0,0,0,0,0,0,0,0,0,0,0,0,0,1,0,0,0,0,0,0,0,1,0,0,0
"KALIMANTAN BARAT","21/09/1997",1997,9,3,"61Z093",61,"KALIMANTAN BARAT",6171,"KOTA PONTIANAK",6171040,"PONTIANAK UTARA",0,"TIDAK ADA",,,,15,,0,1,,2,0,0,0,0,,,,,0,0,1,0,0,0,0,0,0,0,"-",5,0,,4,0,6603,,11,,0,,88886,"Seorang pencuri sepeda motor akhirnya ditembak oleh polisi karena berusaha lari dan tidak mengindahkan tembakan peringatan","07/03/2011","07/03/2011",1,,,,,,,,,1,1,1,0,0,0,0,0,0,0,0,0,0,0,0,0,0,0,0,0,0,0,1,0,0,0,0,0,0,0,1,0,0,0
"KALIMANTAN BARAT","24/09/1997",1997,9,3,"61Z094",61,"KALIMANTAN BARAT",6171,"KOTA PONTIANAK",6171010,"PONTIANAK SELATAN",0,"TIDAK ADA",,,,1,,2,18,,1,0,0,0,0,,,,,0,0,1,1,0,0,0,0,0,0,"Uang 500.000 digasak pelaku",0,0,,2,0,7703,,14,,0,,88887,"Seorang mahasiswi yang baru saja mengambil uang di bank menjadi korban penjambretan. Ia teluka parah karena terjatuh dari kendaraan ketika berusaha mempertahankan tas dan uangnya.","07/03/2011","07/03/2011",1,,,,,,,,,0,0,0,0,0,0,0,0,0,0,0,0,0,0,0,0,0,0,0,0,1,0,1,0,0,0,0,0,0,0,1,0,0,0
"KALIMANTAN BARAT","27/09/1997",1997,9,3,"61Z095",61,"KALIMANTAN BARAT",6101,"SAMBAS",6101020,"PEMANGKAT",0,"TIDAK ADA","Singaraya",,,9,,1,18,,1,0,0,0,0,,,,,1,1,0,0,0,0,0,0,0,0,"-",2,0,"botol",2,1,7703,,11,,0,,88887,"Seorang anak perempuan berusia 12 tahun tewas karena dipukul dengan botol oleh tetangganya. Pemukulan tersebut terjadi karena sebelumnya pelaku punya malah dengan orang tua korban, selain itu baju yang hendak diberikan oleh pelaku ditolak oleh","07/03/2011","07/03/2011",1,,,,,,,,,1,0,0,0,0,0,0,0,0,0,0,0,0,0,0,0,0,0,0,0,1,0,1,0,1,0,0,0,0,0,1,0,0,0
"KALIMANTAN BARAT","30/09/1997",1997,9,3,"61Z096",61,"KALIMANTAN BARAT",6112,"KUBU RAYA",6112070,"SUNGAI RAYA",0,"TIDAK ADA",,,,1,,3,1,,1,2,0,8,0,"warga",,,,0,0,3,0,0,0,0,0,0,0,"-",0,0,,1,0,5506,,8,,0,,88885,"3 orang laki-laki yang sedang merampas perhiasan Ny. Aminah dihajar warga setelah warga mendengar jeritan minta tolong. 3 perampok tersebut adalah napi yang keluar dari penjara","07/03/2011","07/03/2011",1,,,,,,,,,0,0,0,0,0,0,0,0,1,0,0,0,0,0,1,0,0,0,0,0,0,0,1,0,0,0,0,0,0,0,1,0,0,0
"KALIMANTAN BARAT","05/10/1997",1997,10,4,"61Z097",61,"KALIMANTAN BARAT",6104,"KAB PONTIANAK",0,"TIDAK ADA",0,"TIDAK ADA",,,,1,,2,1,,1,0,0,0,0,,,,,0,0,1,1,0,0,0,0,0,0,"-",0,0,,2,0,7703,,14,,0,,88887,"Ny. Hasyimah harus dirawat di rumah sakit karena luka-luka akibat terjatuh dari motor ketika dijambret oleh 2 pemuda","07/03/2011","07/03/2011",1,,,,,,,,,0,0,0,0,0,0,0,0,0,0,0,0,0,0,0,0,0,0,0,0,0,0,1,0,0,0,0,0,0,0,1,0,0,0
"KALIMANTAN BARAT","06/10/1997",1997,10,4,"61Z098",61,"KALIMANTAN BARAT",6171,"KOTA PONTIANAK",6171030,"PONTIANAK BARAT",0,"TIDAK ADA",,,,9,,1,9,,1,2,0,7,0,"security pelabuhan",,,,0,0,1,0,0,0,0,0,0,0,"1 kapal motor terbakar",8,0,,2,1,7703,,10,,0,,88887,"SM membakar kapal motor milik pardi karena masih merasa dendam atas perkelahian mereka beberapa waktu lalu. Pardi mengalami luka bakar di kakinya dalam insiden tersebut","07/03/2011","07/03/2011",1,,,,,,,,,1,0,0,0,0,0,0,1,1,0,0,0,0,0,1,0,0,0,0,0,0,0,1,0,0,0,0,0,0,0,1,0,0,0
"KALIMANTAN BARAT","10/10/1997",1997,10,4,"61Z099",61,"KALIMANTAN BARAT",6103,"LANDAK",6103070,"MEMPAWAH HULU",0,"TIDAK ADA","garu",,,1,,1,18,,1,0,0,0,0,,,,,0,0,0,0,0,0,1,1,0,0,"-",0,0,,2,0,7703,,11,,0,,88887,"Seorang anak perempuan berusia 12 tahun diperkosa oleh tetangganya ketika orang tua anak tersebut sedang bekerja di kebun","07/03/2011","07/03/2011",1,,,,,,,,,0,0,0,0,0,0,0,0,0,0,0,0,0,0,0,0,0,0,0,0,1,0,1,0,0,0,0,0,0,0,1,0,0,0
"KALIMANTAN BARAT","19/10/1997",1997,10,4,"61Z100",61,"KALIMANTAN BARAT",6171,"KOTA PONTIANAK",6171010,"PONTIANAK SELATAN",0,"TIDAK ADA",,,,1,,1,1,,1,0,0,0,0,,,,,0,0,0,0,0,0,1,1,0,0,"-",0,0,,2,0,7703,,11,,0,,88887,"Seorang perempuan diperdaya oleh seorang dukun hingga akhirnya ia menjadi korban perkosaan","07/03/2011","07/03/2011",1,,,,,,,,,0,0,0,0,0,0,0,0,0,0,0,0,0,0,0,0,0,0,0,0,0,0,1,0,0,0,0,0,0,0,1,0,0,0
"KALIMANTAN BARAT","20/10/1997",1997,10,4,"61Z101",61,"KALIMANTAN BARAT",6171,"KOTA PONTIANAK",6171010,"PONTIANAK SELATAN",0,"TIDAK ADA",,,,1,,1,1,,1,0,0,0,0,,,,,0,0,0,0,0,0,0,0,0,0,"-",0,0,,2,1,7703,,11,,0,,88887,"Istri dukun yang memperkosa pasiennya menjadi marah dan memukul dukun tersebut ketika sudah diamankan oleh polisi","07/03/2011","07/03/2011",1,,,,,,,,,0,0,0,0,0,0,0,0,0,0,0,0,0,0,0,0,0,0,0,0,0,0,1,0,0,0,0,0,0,0,1,0,0,0
"KALIMANTAN BARAT","27/10/1997",1997,10,4,"61Z102",61,"KALIMANTAN BARAT",6112,"KUBU RAYA",6112040,"TELOK PA'KEDAI",0,"TIDAK ADA","telok pakedai hulu",,,1,,1,1,,1,0,0,0,0,,,,,1,1,0,0,0,0,0,0,0,0,"-",4,0,,3,0,8803,,11,,0,,88888,"Kamar merasa tersinggung atas kata-kata mertuanya. Dia mengambil parang dan membacok mertuanya tersebut hingga tewas","07/03/2011","07/03/2011",1,,,,,,,,,1,0,0,0,0,1,0,0,0,0,0,0,0,0,0,0,0,0,0,0,0,0,1,0,1,0,0,0,0,0,1,0,0,0
"KALIMANTAN BARAT","28/10/1997",1997,10,4,"61Z103",61,"KALIMANTAN BARAT",6171,"KOTA PONTIANAK",6171030,"PONTIANAK BARAT",0,"TIDAK ADA",,,,1,,1,1,,1,3,0,8,0,,,,,0,0,0,0,0,0,0,0,0,0,"-",0,0,,2,0,7703,,11,,0,,88887,"ABD yang telah menindih dan hendak memperkosa anak perempuan berusia 6 tahun tetangganya, terkejut ketika anak angkatnya mengetahui perbuatan bejatnya. ABD akhirnya digelandang ke kantor polisi","07/03/2011","07/03/2011",1,,,,,,,,,0,0,0,0,0,0,0,0,1,0,0,0,0,1,1,0,0,0,0,0,0,0,1,0,0,0,0,0,0,0,1,0,0,0
"KALIMANTAN BARAT","26/11/1997",1997,11,4,"61Z104",61,"KALIMANTAN BARAT",6112,"KUBU RAYA",6112070,"SUNGAI RAYA",0,"TIDAK ADA","kuala dua",,,1,,0,9,,1,0,0,0,0,,,,,1,1,0,0,0,0,0,0,0,0,"-",3,0,,2,0,7703,,11,,0,,88887,"Seorang karyawati tewas di rumah kontrakannya. Belum diketahui siapa pelaku pembunuhan dan apa motifnya. Kepala korban bagia belakang memas dan darah keluar dari telinganya","07/03/2011","07/03/2011",1,,,,,,,,,1,0,0,0,0,0,1,0,0,0,0,0,0,0,0,0,0,0,0,0,0,0,1,0,1,0,0,0,0,0,1,0,0,0
"KALIMANTAN BARAT","27/12/1997",1997,12,4,"61Z105",61,"KALIMANTAN BARAT",6171,"KOTA PONTIANAK",6171010,"PONTIANAK SELATAN",0,"TIDAK ADA",,,,1,,22,1,,1,0,0,0,0,,,,,0,0,1,0,0,0,0,0,0,0,"-",3,0,,1,1,5503,,8,,0,,88885,"Frans Wang babak belur setelah dihajar puluhan pemuda. Awalnya Frans mencoba melerai penganiayaan yang dilakukan 2 orang diantara pemuda tersebut terhadap teman wang. Malamnya kedua pemuda tersebut bersama puluhan temannya mendatangi Frans dan","07/03/2011","07/03/2011",1,,,,,,,,,1,0,0,0,0,0,1,0,0,0,0,0,0,0,0,0,0,0,0,0,0,0,1,0,0,0,0,0,0,0,1,0,0,0
"KALIMANTAN BARAT","27/12/1997",1997,12,4,"61Z106",61,"KALIMANTAN BARAT",6171,"KOTA PONTIANAK",6171010,"PONTIANAK SELATAN",0,"TIDAK ADA",,,,1,,4,1,,2,0,0,0,0,,,,,0,0,2,1,0,0,0,0,0,0,"-",4,0,,2,0,7703,,14,,0,,88887,"Sepasang suami istri terluka paraj karena melawan 4 peampok yang masuk ke rumah mereka","07/03/2011","07/03/2011",1,,,,,,,,,1,0,0,0,0,1,0,0,0,0,0,0,0,0,0,0,0,0,0,0,0,0,1,0,0,0,0,0,0,0,1,0,0,0
"KALIMANTAN BARAT","21/12/1997",1997,12,4,"61Z107",61,"KALIMANTAN BARAT",6109,"SEKADAU",6109040,"SEKADAU HILIR",0,"TIDAK ADA","peniti",,,1,,1,9,,1,0,0,0,0,,,,,0,0,1,0,0,0,0,0,0,0,"-",4,0,,2,1,7703,,11,,0,,88887,"Agus mengalami luka sayatan di lehernya. Ia disayat oleh penumpang ojeknya karena menanyakan ongkos ojek tersebut. Melihat agus mengeluarkan darah, sang penumpang segera melarikan diri.","07/03/2011","07/03/2011",1,,,,,,,,,1,0,0,0,0,1,0,0,0,0,0,0,0,0,0,0,0,0,0,0,0,0,1,0,0,0,0,0,0,0,1,0,0,0
"KALIMANTAN BARAT","15/12/1997",1997,12,4,"61Z108",61,"KALIMANTAN BARAT",6112,"KUBU RAYA",6112050,"SUNGAI KAKAP",0,"TIDAK ADA",,,,1,,3,1,,1,1,0,7,0,,,,,0,0,0,0,0,0,0,0,0,0,"-",0,0,,2,1,7703,,7,,0,,88887,"Saiman, seorang bandar judi, tidak terima ketika AN memindahkan taruhannya ke tempat lain. Saat itu, 2 saudara Saiman datang dan akhirnya mereka juga terlibat perkelahian dengan AN. Perkelahian tersebut bisa dihentikan pemain yang lain, tetapi","07/03/2011","07/03/2011",1,,,,,,,,,0,0,0,0,0,0,0,0,1,0,0,0,0,0,1,0,0,0,0,0,0,0,0,1,0,0,0,0,0,0,1,0,0,0
"KALIMANTAN BARAT","14/12/1997",1997,12,4,"61Z109",61,"KALIMANTAN BARAT",6112,"KUBU RAYA",6112050,"SUNGAI KAKAP",0,"TIDAK ADA",,,,1,,3,1,,1,0,0,0,0,,,,,1,0,0,0,0,0,0,0,0,0,"-",4,3,,2,1,7703,,7,,0,,88887,"AN yang masih merasa dendam berusaha mencari Saiman. Keesokan harinya mereka bertemua dan terjadi perkelahian, 2 teman AN ikut terlibat dalam perkelahian tersebut hingga Saiman terjun ke sungai karena kalah. Diduga Saiman tenggelam dalam sungai","07/03/2011","07/03/2011",1,,,,,,,,,1,0,0,0,0,1,1,0,0,0,0,0,0,0,0,0,0,0,0,0,0,0,0,1,1,0,0,0,0,0,1,0,0,0
"KALIMANTAN BARAT","14/12/1997",1997,12,4,"61Z110",61,"KALIMANTAN BARAT",6171,"KOTA PONTIANAK",6171030,"PONTIANAK BARAT",0,"TIDAK ADA",,,,1,,3,9,,1,0,0,0,0,,,,,0,0,0,0,0,0,1,1,0,0,"-",0,0,,2,0,7703,,11,,0,,88887,"Seorang perempuan yang akan berangkat bekerja, diperkosa oleh 3 orang laki-laki","07/03/2011","07/03/2011",1,,,,,,,,,0,0,0,0,0,0,0,0,0,0,0,0,0,0,0,0,0,0,0,0,0,0,1,0,0,0,0,0,0,0,1,0,0,0
"KALIMANTAN BARAT","12/12/1997",1997,12,4,"61Z111",61,"KALIMANTAN BARAT",6171,"KOTA PONTIANAK",6171030,"PONTIANAK BARAT",0,"TIDAK ADA",,,,1,,0,1,,1,0,0,0,0,,,,,0,0,1,0,0,0,0,0,0,0,"-",4,0,,2,0,7703,,11,,0,,88887,"Syawal dibacok hingga luka parah","07/03/2011","07/03/2011",1,,,,,,,,,1,0,0,0,0,1,0,0,0,0,0,0,0,0,0,0,0,0,0,0,0,0,1,0,0,0,0,0,0,0,1,0,0,0
"KALIMANTAN BARAT","12/12/1997",1997,12,4,"61Z112",61,"KALIMANTAN BARAT",6171,"KOTA PONTIANAK",6171030,"PONTIANAK BARAT",0,"TIDAK ADA",,,,1,,1,1,,1,0,0,0,0,,,,,1,0,0,0,0,0,0,0,0,0,"-",4,0,,2,1,7703,,11,,0,,88887,"Linardo tewas ditikam AN karena AN kesal diejek selama permainan kartu","07/03/2011","07/03/2011",1,,,,,,,,,1,0,0,0,0,1,0,0,0,0,0,0,0,0,0,0,0,0,0,0,0,0,1,0,1,0,0,0,0,0,1,0,0,0
"KALIMANTAN BARAT","08/12/1997",1997,12,4,"61Z113",61,"KALIMANTAN BARAT",6112,"KUBU RAYA",6112070,"SUNGAI RAYA",0,"TIDAK ADA",,,,1,,3,1,,2,0,0,0,0,,,,,0,0,0,0,0,0,0,0,0,0,"1 motor dan uang 80.000 disikat pelaku",4,0,,2,0,7703,,14,,0,,88887,"Anton bersama putrinya kaget kearena tiba-tiba dihadang 3 orang laki-laki kekar di lokasi yang sepi dan gelap. Ketiga laki-laki tersebut mengancam anton agar menyerahkan motor dan uangnya. Dalam waktu singkat ketiga orang tersebut bisa ditangka","07/03/2011","07/03/2011",1,,,,,,,,,1,0,0,0,0,1,0,0,0,0,0,0,0,0,0,0,0,0,0,0,0,0,1,0,0,0,0,0,0,0,1,0,0,0
"KALIMANTAN BARAT","21/07/1997",1997,7,3,"61Z120",61,"KALIMANTAN BARAT",6102,"BENGKAYANG",6102061,"TUJUHBELAS",0,"TIDAK ADA",,,,1,,1,18,,1,0,0,0,0,,,,,0,0,0,0,0,0,1,1,0,0,"-",0,0,,2,0,7703,,11,,0,,88887,"Seorang siswi smp dibawa lari oleh seorang laki-laki, dalam pelarian tersebut siswi smp itu sempat digagahi beberapa kali. Menurut pelaku hal itu terjadi tanpa paksaan","04/03/2011","04/03/2011",1,,,,,,,,,0,0,0,0,0,0,0,0,0,0,0,0,0,0,0,0,0,0,0,0,1,0,1,0,0,0,0,0,0,0,1,0,0,0
